Group,SubGroup,BOCU,202407,202408,202409,202410,202411,202412,202501,202502,202503,202504,202505,202506,202507,202508,202509,202510,202511,202512,202601,202602,202603,202604,202605,202606
ARSON AND CRIMINAL DAMAGE,ARSON,Barking and Dagenham,3,10,9,5,7,9,7,8,4,12,10,10,12,10,5,6,8,7,0,3,3,5,4,7
ARSON AND CRIMINAL DAMAGE,CRIMINAL DAMAGE,Barking and Dagenham,131,114,80,103,96,89,106,89,103,124,108,125,136,127,99,103,106,125,104,97,116,109,131,112
BURGLARY,BURGLARY BUSINESS AND COMMUNITY,Barking and Dagenham,21,26,32,29,25,22,17,14,24,21,30,26,24,23,23,16,23,23,27,26,22,22,24,19
BURGLARY,RES BURGLARY OF A HOME,Barking and Dagenham,28,35,31,48,40,60,56,35,58,30,31,35,31,29,31,33,64,52,47,40,44,27,48,35
BURGLARY,RES BURGLARY OF UNCONNECTED BUILDING,Barking and Dagenham,8,12,18,14,11,23,15,13,20,11,7,16,6,13,12,22,15,23,7,17,16,13,10,15
DRUG OFFENCES,POSSESSION OF DRUGS,Barking and Dagenham,49,51,82,69,73,52,88,52,58,103,97,84,65,109,82,99,95,96,86,75,98,82,88,107
DRUG OFFENCES,TRAFFICKING OF DRUGS,Barking and Dagenham,22,17,42,44,79,48,30,39,36,66,97,46,71,34,36,15,22,21,23,14,15,8,9,9
FRAUD AND FORGERY,FRAUD AND FORGERY,Barking and Dagenham,0,0,0,0,0,0,0,0,0,0,0,0,0,0,0,0,0,0,0,0,0,0,0,1
MISCELLANEOUS CRIMES AGAINST SOCIETY,MISC CRIMES AGAINST SOCIETY,Barking and Dagenham,28,24,26,27,26,24,27,17,32,28,31,35,33,23,22,25,23,24,27,18,33,26,42,38
POSSESSION OF WEAPONS,POSSESSION OF WEAPONS,Barking and Dagenham,9,7,18,8,13,6,10,7,13,16,18,25,10,16,11,17,13,12,18,16,14,16,14,19
PUBLIC ORDER OFFENCES,OTHER OFFENCES PUBLIC ORDER,Barking and Dagenham,18,14,22,18,13,21,12,10,6,19,23,16,20,12,9,15,16,20,17,24,21,27,14,20
PUBLIC ORDER OFFENCES,"PUBLIC FEAR, ALARM OR DISTRESS",Barking and Dagenham,68,61,80,68,55,46,57,42,75,66,54,75,66,73,58,62,52,49,64,48,81,59,64,71
PUBLIC ORDER OFFENCES,RACE OR RELIGIOUS AGG PUBLIC FEAR,Barking and Dagenham,28,41,37,29,16,22,12,17,15,22,27,39,23,22,41,33,19,18,18,16,29,21,37,37
PUBLIC ORDER OFFENCES,VIOLENT DISORDER,Barking and Dagenham,0,0,1,0,1,0,0,0,0,0,1,0,0,0,0,0,0,0,0,0,0,0,0,0
ROBBERY,ROBBERY OF BUSINESS PROPERTY,Barking and Dagenham,9,17,16,20,17,10,10,15,13,19,25,14,22,20,11,14,13,13,15,13,18,14,14,14
ROBBERY,ROBBERY OF PERSONAL PROPERTY,Barking and Dagenham,46,35,60,92,67,38,32,74,108,72,49,45,59,33,57,81,84,58,62,32,63,60,58,63
SEXUAL OFFENCES,OTHER SEXUAL OFFENCES,Barking and Dagenham,43,27,34,31,34,34,24,29,36,44,32,31,46,40,32,39,41,35,34,43,38,35,49,68
SEXUAL OFFENCES,RAPE,Barking and Dagenham,16,23,22,27,36,27,18,28,17,18,27,32,29,39,28,23,16,17,24,20,20,27,26,26
THEFT,BICYCLE THEFT,Barking and Dagenham,5,9,13,9,17,5,5,2,11,8,11,13,14,16,8,14,19,7,9,3,9,10,8,9
THEFT,OTHER THEFT,Barking and Dagenham,159,124,138,155,155,168,139,115,134,141,130,132,143,131,100,147,137,132,119,131,146,145,141,146
THEFT,SHOPLIFTING,Barking and Dagenham,187,167,164,162,170,90,112,94,110,89,79,87,96,68,90,89,84,75,80,63,82,77,82,68
THEFT,THEFT FROM THE PERSON,Barking and Dagenham,55,46,59,76,71,77,71,55,82,54,52,71,52,55,60,66,72,64,55,48,61,75,66,71
VEHICLE OFFENCES,AGGRAVATED VEHICLE TAKING,Barking and Dagenham,2,1,1,0,1,0,2,1,2,3,2,0,1,0,3,3,2,1,2,1,1,2,2,1
VEHICLE OFFENCES,INTERFERING WITH A MOTOR VEHICLE,Barking and Dagenham,22,16,16,30,37,14,22,13,10,14,15,28,12,14,20,26,25,23,20,15,27,10,18,17
VEHICLE OFFENCES,THEFT FROM A VEHICLE,Barking and Dagenham,68,77,87,100,108,55,78,66,78,59,48,67,71,51,59,75,72,61,78,71,67,68,68,67
VEHICLE OFFENCES,THEFT OR UNAUTH TAKING OF A MOTOR VEH,Barking and Dagenham,94,70,66,101,104,82,103,77,100,96,113,89,90,84,104,87,99,80,77,70,102,99,100,104
VIOLENCE AGAINST THE PERSON,DEATH SERIOUS INJURY ILLEGAL DRIVING,Barking and Dagenham,0,0,0,0,0,1,0,1,0,0,0,1,0,0,0,0,0,0,0,1,0,0,0,2
VIOLENCE AGAINST THE PERSON,HOMICIDE,Barking and Dagenham,1,0,0,1,0,0,0,0,0,0,0,0,0,0,0,0,0,0,0,0,0,0,0,0
VIOLENCE AGAINST THE PERSON,STALKING AND HARASSMENT,Barking and Dagenham,139,146,125,145,131,129,127,121,164,148,147,158,148,146,172,164,176,156,172,164,164,162,190,208
VIOLENCE AGAINST THE PERSON,VIOLENCE WITH INJURY,Barking and Dagenham,153,148,171,156,143,147,146,121,144,152,157,178,177,155,156,138,147,151,144,129,174,166,204,165
VIOLENCE AGAINST THE PERSON,VIOLENCE WITHOUT INJURY,Barking and Dagenham,283,281,258,312,319,308,288,230,333,359,303,303,341,301,327,299,307,286,263,242,297,285,319,351
ARSON AND CRIMINAL DAMAGE,ARSON,Barnet,4,9,7,5,5,1,5,5,6,6,8,7,5,5,4,1,7,4,6,8,9,10,8,3
ARSON AND CRIMINAL DAMAGE,CRIMINAL DAMAGE,Barnet,169,130,162,191,151,143,143,128,163,158,168,167,195,170,166,161,146,134,142,132,156,144,162,156
BURGLARY,BURGLARY - RESIDENTIAL,Barnet,0,0,0,0,0,0,0,0,0,0,0,0,0,1,0,0,0,0,0,0,0,0,0,0
BURGLARY,BURGLARY BUSINESS AND COMMUNITY,Barnet,52,34,55,66,46,38,63,34,36,45,39,35,22,44,30,51,35,29,33,29,34,28,34,49
BURGLARY,RES BURGLARY OF A HOME,Barnet,99,108,111,129,155,182,161,143,134,92,84,64,66,111,93,99,108,139,166,176,135,107,94,73
BURGLARY,RES BURGLARY OF UNCONNECTED BUILDING,Barnet,23,29,27,27,24,34,31,19,36,27,28,20,23,33,29,41,29,30,36,40,26,36,37,39
DRUG OFFENCES,POSSESSION OF DRUGS,Barnet,36,41,46,60,48,29,41,49,46,50,58,55,57,62,43,56,67,62,65,70,66,55,77,49
DRUG OFFENCES,TRAFFICKING OF DRUGS,Barnet,62,32,89,82,103,93,78,93,87,179,203,115,128,115,81,84,112,70,103,87,83,30,31,43
FRAUD AND FORGERY,FRAUD AND FORGERY,Barnet,0,1,0,0,0,0,0,0,0,0,1,0,0,0,0,0,0,0,0,0,0,0,0,1
MISCELLANEOUS CRIMES AGAINST SOCIETY,MISC CRIMES AGAINST SOCIETY,Barnet,28,20,36,38,34,32,36,23,31,29,32,34,34,30,40,25,36,31,32,32,32,36,50,44
POSSESSION OF WEAPONS,POSSESSION OF WEAPONS,Barnet,11,10,12,12,15,10,14,8,15,18,22,24,17,14,13,8,12,14,12,16,18,24,28,16
PUBLIC ORDER OFFENCES,OTHER OFFENCES PUBLIC ORDER,Barnet,17,28,19,14,29,10,17,24,17,17,23,18,34,27,25,30,27,9,15,25,33,20,26,39
PUBLIC ORDER OFFENCES,"PUBLIC FEAR, ALARM OR DISTRESS",Barnet,103,78,98,107,87,84,93,72,105,95,86,117,95,75,65,92,95,87,67,68,72,77,99,89
PUBLIC ORDER OFFENCES,RACE OR RELIGIOUS AGG PUBLIC FEAR,Barnet,46,56,37,30,52,30,29,34,33,38,34,51,41,39,65,44,37,34,48,32,64,62,95,89
PUBLIC ORDER OFFENCES,VIOLENT DISORDER,Barnet,0,0,0,0,1,1,0,0,0,0,0,0,0,0,0,0,0,0,0,0,0,0,0,1
ROBBERY,ROBBERY OF BUSINESS PROPERTY,Barnet,21,30,15,11,18,16,23,19,20,8,21,26,24,22,25,23,18,25,22,18,16,21,22,21
ROBBERY,ROBBERY OF PERSONAL PROPERTY,Barnet,46,43,40,44,52,34,31,27,32,40,58,35,34,42,35,49,44,48,49,52,79,47,61,51
SEXUAL OFFENCES,OTHER SEXUAL OFFENCES,Barnet,52,42,39,55,40,30,45,53,44,31,39,44,42,50,45,49,48,50,36,50,43,48,53,49
SEXUAL OFFENCES,RAPE,Barnet,18,23,23,20,22,24,22,19,17,24,30,28,18,25,19,32,20,34,14,34,28,24,22,19
THEFT,BICYCLE THEFT,Barnet,20,16,17,21,19,9,9,15,16,16,19,22,14,19,18,21,12,10,6,22,23,19,16,13
THEFT,OTHER THEFT,Barnet,244,219,271,279,258,225,248,192,235,203,209,230,258,183,228,188,240,230,199,203,267,191,206,238
THEFT,SHOPLIFTING,Barnet,291,263,241,239,278,235,260,213,256,225,268,227,271,280,255,268,259,292,344,297,268,231,262,366
THEFT,THEFT FROM THE PERSON,Barnet,107,67,66,81,81,92,81,105,107,89,80,90,93,70,87,87,100,65,71,74,101,71,76,79
VEHICLE OFFENCES,AGGRAVATED VEHICLE TAKING,Barnet,1,6,0,1,1,0,2,0,1,1,1,4,0,1,0,1,2,2,1,1,2,0,3,1
VEHICLE OFFENCES,INTERFERING WITH A MOTOR VEHICLE,Barnet,45,37,50,37,51,30,30,29,40,38,31,57,46,33,47,45,36,34,46,29,23,38,29,40
VEHICLE OFFENCES,THEFT FROM A VEHICLE,Barnet,208,205,174,205,192,137,165,124,166,137,124,112,146,155,161,166,185,133,187,153,133,136,136,165
VEHICLE OFFENCES,THEFT OR UNAUTH TAKING OF A MOTOR VEH,Barnet,135,139,126,137,145,122,149,155,158,101,150,154,123,139,149,208,143,123,118,108,145,146,125,114
VIOLENCE AGAINST THE PERSON,DEATH SERIOUS INJURY ILLEGAL DRIVING,Barnet,0,0,1,0,1,1,0,0,0,0,0,0,2,0,0,0,0,0,0,0,2,0,0,0
VIOLENCE AGAINST THE PERSON,HOMICIDE,Barnet,1,0,0,0,0,0,0,0,0,0,0,0,1,0,0,0,0,0,1,0,0,0,0,1
VIOLENCE AGAINST THE PERSON,STALKING AND HARASSMENT,Barnet,190,174,176,176,166,169,169,166,192,163,179,171,245,177,195,225,164,202,185,223,234,220,261,196
VIOLENCE AGAINST THE PERSON,VIOLENCE WITH INJURY,Barnet,172,168,150,162,155,137,132,144,148,165,160,149,180,126,154,155,121,166,129,140,196,162,157,173
VIOLENCE AGAINST THE PERSON,VIOLENCE WITHOUT INJURY,Barnet,310,274,293,273,273,296,296,246,321,293,290,305,375,281,296,352,297,326,334,319,363,369,349,373
ARSON AND CRIMINAL DAMAGE,ARSON,Bexley,9,13,9,3,5,5,4,3,6,5,7,9,5,3,1,0,5,6,3,0,6,10,4,4
ARSON AND CRIMINAL DAMAGE,CRIMINAL DAMAGE,Bexley,196,168,121,109,115,95,111,151,114,146,160,142,177,142,116,118,158,127,139,105,112,103,127,111
BURGLARY,BURGLARY BUSINESS AND COMMUNITY,Bexley,15,12,16,23,22,21,37,10,20,13,15,27,17,25,16,20,13,17,14,11,23,19,17,16
BURGLARY,RES BURGLARY OF A HOME,Bexley,24,25,20,34,45,41,33,36,33,26,20,28,20,27,38,38,65,30,35,71,52,31,30,26
BURGLARY,RES BURGLARY OF UNCONNECTED BUILDING,Bexley,8,12,8,14,8,6,13,14,14,11,5,7,10,7,5,19,11,13,9,9,11,9,9,14
DRUG OFFENCES,POSSESSION OF DRUGS,Bexley,37,50,43,43,50,28,63,41,49,36,44,48,46,37,47,54,47,73,57,51,58,41,49,34
DRUG OFFENCES,TRAFFICKING OF DRUGS,Bexley,26,14,24,38,28,29,44,16,38,51,66,31,43,22,26,32,30,43,50,31,19,3,8,10
MISCELLANEOUS CRIMES AGAINST SOCIETY,MISC CRIMES AGAINST SOCIETY,Bexley,14,15,20,34,26,20,22,19,24,24,17,33,21,24,21,21,16,26,29,22,27,19,37,16
POSSESSION OF WEAPONS,POSSESSION OF WEAPONS,Bexley,6,12,7,8,4,7,9,6,8,9,15,9,15,10,13,14,12,10,12,8,3,15,14,14
PUBLIC ORDER OFFENCES,OTHER OFFENCES PUBLIC ORDER,Bexley,19,10,16,15,9,19,12,11,15,13,11,12,19,12,18,17,13,15,23,12,17,16,16,33
PUBLIC ORDER OFFENCES,"PUBLIC FEAR, ALARM OR DISTRESS",Bexley,70,73,65,69,37,54,56,44,62,65,72,65,66,48,60,64,68,60,47,49,58,66,80,77
PUBLIC ORDER OFFENCES,RACE OR RELIGIOUS AGG PUBLIC FEAR,Bexley,21,26,23,20,20,8,20,15,18,16,27,17,19,23,19,24,20,12,16,25,28,19,30,25
PUBLIC ORDER OFFENCES,VIOLENT DISORDER,Bexley,0,0,0,0,0,1,0,0,0,0,0,0,0,0,0,0,0,0,0,0,0,0,0,0
ROBBERY,ROBBERY OF BUSINESS PROPERTY,Bexley,13,18,6,12,11,5,14,2,9,5,11,10,17,20,17,16,10,11,16,8,16,17,19,33
ROBBERY,ROBBERY OF PERSONAL PROPERTY,Bexley,6,17,12,19,15,13,19,20,24,18,20,23,14,13,16,17,8,17,12,9,17,12,19,41
SEXUAL OFFENCES,OTHER SEXUAL OFFENCES,Bexley,35,19,30,38,31,23,32,26,35,24,25,37,42,39,21,45,25,26,25,28,30,29,25,25
SEXUAL OFFENCES,RAPE,Bexley,11,11,11,13,13,17,14,20,13,14,14,22,23,27,11,19,18,14,10,10,27,16,12,15
THEFT,BICYCLE THEFT,Bexley,6,9,12,2,4,1,4,3,6,5,10,3,10,8,7,1,9,4,2,3,11,5,4,4
THEFT,OTHER THEFT,Bexley,118,111,103,104,113,133,99,91,110,89,103,97,107,88,112,109,103,86,104,90,111,103,108,103
THEFT,SHOPLIFTING,Bexley,130,200,160,183,181,89,150,189,175,123,142,141,163,138,146,145,108,88,104,79,118,103,147,163
THEFT,THEFT FROM THE PERSON,Bexley,25,22,29,26,31,30,28,25,24,22,25,27,7,15,22,18,17,16,16,15,24,22,15,20
VEHICLE OFFENCES,AGGRAVATED VEHICLE TAKING,Bexley,3,0,0,0,2,3,0,1,0,0,3,1,2,0,2,0,1,2,1,1,1,1,1,0
VEHICLE OFFENCES,INTERFERING WITH A MOTOR VEHICLE,Bexley,34,32,30,35,32,21,12,39,18,18,17,16,20,18,14,28,24,33,24,17,26,15,15,18
VEHICLE OFFENCES,THEFT FROM A VEHICLE,Bexley,105,62,81,61,83,53,49,46,49,45,45,47,31,46,43,65,58,46,69,48,50,34,43,53
VEHICLE OFFENCES,THEFT OR UNAUTH TAKING OF A MOTOR VEH,Bexley,108,99,79,109,87,79,85,75,60,95,85,68,70,77,55,77,48,68,61,60,79,52,75,63
VIOLENCE AGAINST THE PERSON,DEATH SERIOUS INJURY ILLEGAL DRIVING,Bexley,0,1,0,0,2,1,0,0,1,0,0,0,0,0,0,0,0,0,0,3,0,0,0,0
VIOLENCE AGAINST THE PERSON,HOMICIDE,Bexley,0,0,0,0,1,0,0,0,1,0,0,0,0,0,0,0,0,0,0,0,0,0,1,0
VIOLENCE AGAINST THE PERSON,STALKING AND HARASSMENT,Bexley,123,109,91,129,119,95,109,110,139,106,124,133,124,144,138,121,107,124,115,125,140,132,125,144
VIOLENCE AGAINST THE PERSON,VIOLENCE WITH INJURY,Bexley,116,124,116,105,131,118,124,111,128,98,128,124,117,128,137,126,100,145,114,121,129,114,153,157
VIOLENCE AGAINST THE PERSON,VIOLENCE WITHOUT INJURY,Bexley,221,175,173,217,181,189,184,185,211,210,189,206,204,186,196,172,215,203,178,166,212,231,238,270
ARSON AND CRIMINAL DAMAGE,ARSON,Brent,5,12,9,3,14,8,7,5,5,7,7,4,11,7,1,5,5,7,6,4,8,15,8,10
ARSON AND CRIMINAL DAMAGE,CRIMINAL DAMAGE,Brent,183,157,155,182,142,140,154,122,171,163,171,170,202,149,167,185,162,137,159,168,184,201,187,173
BURGLARY,BURGLARY BUSINESS AND COMMUNITY,Brent,67,45,34,48,47,52,34,32,40,31,29,37,46,40,46,34,44,40,35,53,53,49,28,27
BURGLARY,RES BURGLARY OF A HOME,Brent,87,78,60,76,104,118,83,87,72,63,70,47,63,73,65,64,100,72,103,112,84,63,61,63
BURGLARY,RES BURGLARY OF UNCONNECTED BUILDING,Brent,30,19,15,21,16,28,21,14,30,21,26,14,30,17,24,35,45,36,27,19,32,39,35,42
DRUG OFFENCES,POSSESSION OF DRUGS,Brent,77,96,66,134,141,122,137,125,145,108,106,120,124,187,143,126,99,111,110,87,143,134,130,135
DRUG OFFENCES,TRAFFICKING OF DRUGS,Brent,29,38,68,69,64,60,51,46,55,79,127,109,126,109,178,230,165,72,59,27,43,47,44,50
FRAUD AND FORGERY,FRAUD AND FORGERY,Brent,1,0,0,0,0,0,0,0,0,0,0,0,0,0,0,0,0,0,0,0,0,0,0,0
MISCELLANEOUS CRIMES AGAINST SOCIETY,MISC CRIMES AGAINST SOCIETY,Brent,19,30,29,37,27,35,27,31,37,35,30,34,41,42,34,39,31,30,30,35,37,38,46,57
POSSESSION OF WEAPONS,POSSESSION OF WEAPONS,Brent,20,17,26,22,14,14,17,19,24,30,24,31,23,32,20,19,14,26,31,20,27,38,30,35
PUBLIC ORDER OFFENCES,OTHER OFFENCES PUBLIC ORDER,Brent,17,21,23,33,26,22,35,13,20,25,22,20,38,31,28,24,29,22,12,23,24,30,18,26
PUBLIC ORDER OFFENCES,"PUBLIC FEAR, ALARM OR DISTRESS",Brent,132,100,128,119,119,65,94,76,104,93,139,126,147,107,109,113,95,102,87,85,90,108,123,114
PUBLIC ORDER OFFENCES,RACE OR RELIGIOUS AGG PUBLIC FEAR,Brent,55,44,40,37,36,28,32,30,44,31,43,54,63,49,63,50,47,39,46,38,53,40,72,51
PUBLIC ORDER OFFENCES,VIOLENT DISORDER,Brent,0,0,2,0,0,0,0,1,0,0,1,0,0,0,0,1,0,0,0,0,0,1,1,0
ROBBERY,ROBBERY OF BUSINESS PROPERTY,Brent,28,24,26,20,24,15,32,23,21,25,26,24,31,31,33,25,26,28,33,24,35,36,30,14
ROBBERY,ROBBERY OF PERSONAL PROPERTY,Brent,77,65,87,94,64,76,64,48,62,66,72,108,119,92,68,79,70,82,71,76,102,89,106,71
SEXUAL OFFENCES,OTHER SEXUAL OFFENCES,Brent,41,47,55,39,43,40,49,34,46,47,55,50,69,49,45,47,31,50,49,45,52,38,69,68
SEXUAL OFFENCES,RAPE,Brent,22,29,24,28,15,23,35,19,27,23,30,32,31,25,24,29,23,39,23,13,22,22,27,28
THEFT,BICYCLE THEFT,Brent,39,47,33,29,18,17,18,16,21,23,30,27,27,22,19,24,25,11,29,19,30,30,25,26
THEFT,OTHER THEFT,Brent,284,257,251,281,282,270,274,244,266,250,274,265,295,281,263,304,274,271,252,234,275,271,289,238
THEFT,SHOPLIFTING,Brent,301,319,346,321,271,261,307,246,250,254,270,271,283,332,264,211,205,215,209,173,229,279,323,224
THEFT,THEFT FROM THE PERSON,Brent,162,127,171,203,251,184,164,273,259,198,170,130,177,163,147,237,189,159,151,155,182,164,140,150
VEHICLE OFFENCES,AGGRAVATED VEHICLE TAKING,Brent,1,3,2,2,0,1,1,0,2,2,2,1,2,1,1,1,2,0,0,1,2,1,2,2
VEHICLE OFFENCES,INTERFERING WITH A MOTOR VEHICLE,Brent,34,41,25,35,26,23,20,23,24,20,27,25,22,19,26,35,23,19,24,16,21,25,22,28
VEHICLE OFFENCES,THEFT FROM A VEHICLE,Brent,176,176,158,148,135,141,130,126,111,101,116,135,141,157,131,133,140,108,116,99,109,141,137,112
VEHICLE OFFENCES,THEFT OR UNAUTH TAKING OF A MOTOR VEH,Brent,104,120,130,123,101,100,108,74,97,91,125,116,129,87,95,101,101,80,92,101,97,84,118,99
VIOLENCE AGAINST THE PERSON,DEATH SERIOUS INJURY ILLEGAL DRIVING,Brent,0,0,0,1,2,2,0,1,0,0,0,0,0,0,1,0,0,0,0,1,0,0,0,1
VIOLENCE AGAINST THE PERSON,HOMICIDE,Brent,0,0,0,0,0,2,0,0,1,0,1,0,0,1,1,0,0,3,0,2,0,0,1,0
VIOLENCE AGAINST THE PERSON,STALKING AND HARASSMENT,Brent,170,164,171,150,148,159,177,172,181,134,181,167,188,174,179,183,192,180,172,193,199,189,194,193
VIOLENCE AGAINST THE PERSON,VIOLENCE WITH INJURY,Brent,225,224,256,202,201,211,189,157,197,212,250,289,257,239,198,227,186,187,196,215,230,245,251,251
VIOLENCE AGAINST THE PERSON,VIOLENCE WITHOUT INJURY,Brent,443,391,384,401,369,354,359,356,442,416,444,452,487,446,394,453,383,372,352,387,442,453,505,547
ARSON AND CRIMINAL DAMAGE,ARSON,Bromley,12,14,9,7,14,6,8,4,6,15,11,13,4,9,6,6,9,7,6,6,7,10,11,7
ARSON AND CRIMINAL DAMAGE,CRIMINAL DAMAGE,Bromley,177,198,166,150,184,125,157,185,172,185,150,172,267,218,187,139,167,140,154,126,169,148,142,153
BURGLARY,BURGLARY BUSINESS AND COMMUNITY,Bromley,39,29,23,19,35,41,40,18,35,30,44,24,20,20,35,42,40,37,20,31,32,33,32,42
BURGLARY,RES BURGLARY OF A HOME,Bromley,41,54,55,71,95,117,114,73,69,64,48,55,38,38,60,51,87,78,79,51,54,37,42,43
BURGLARY,RES BURGLARY OF UNCONNECTED BUILDING,Bromley,18,11,13,21,15,14,20,13,9,19,16,8,17,13,14,16,19,13,14,16,13,15,24,20
DRUG OFFENCES,POSSESSION OF DRUGS,Bromley,39,58,45,56,65,55,46,44,65,55,55,52,73,88,82,71,59,85,63,73,84,67,81,84
DRUG OFFENCES,TRAFFICKING OF DRUGS,Bromley,34,33,63,52,45,31,38,27,38,49,54,28,38,19,31,21,23,44,38,15,15,21,15,15
FRAUD AND FORGERY,FRAUD AND FORGERY,Bromley,1,0,1,0,0,0,1,0,0,0,0,0,0,0,0,1,0,0,0,0,0,0,0,0
MISCELLANEOUS CRIMES AGAINST SOCIETY,MISC CRIMES AGAINST SOCIETY,Bromley,25,26,23,28,27,26,27,30,18,26,16,37,30,37,23,33,42,38,30,26,31,25,36,31
POSSESSION OF WEAPONS,POSSESSION OF WEAPONS,Bromley,7,13,12,12,16,10,9,9,16,13,10,24,16,18,21,15,23,13,12,13,16,14,12,14
PUBLIC ORDER OFFENCES,OTHER OFFENCES PUBLIC ORDER,Bromley,18,23,17,9,12,12,16,17,21,13,16,14,21,27,13,17,27,25,23,28,27,20,14,23
PUBLIC ORDER OFFENCES,"PUBLIC FEAR, ALARM OR DISTRESS",Bromley,79,95,91,105,81,88,83,77,100,94,83,114,122,106,88,90,63,61,60,80,84,107,103,111
PUBLIC ORDER OFFENCES,RACE OR RELIGIOUS AGG PUBLIC FEAR,Bromley,32,50,17,27,12,25,24,24,28,35,29,36,28,40,30,28,32,30,26,30,33,37,41,41
ROBBERY,ROBBERY OF BUSINESS PROPERTY,Bromley,17,13,20,10,21,25,23,12,16,21,12,17,12,22,18,12,23,23,7,16,17,25,35,22
ROBBERY,ROBBERY OF PERSONAL PROPERTY,Bromley,31,30,49,35,29,32,34,24,23,34,33,51,42,35,38,33,53,30,43,38,29,35,35,24
SEXUAL OFFENCES,OTHER SEXUAL OFFENCES,Bromley,54,34,28,47,43,26,41,38,44,44,50,32,48,41,37,35,46,40,40,32,47,31,37,46
SEXUAL OFFENCES,RAPE,Bromley,22,16,17,32,24,17,24,28,16,25,29,30,18,22,27,21,24,25,23,18,19,26,28,18
THEFT,BICYCLE THEFT,Bromley,13,11,13,22,8,4,5,4,7,7,17,16,15,26,15,21,6,6,4,6,13,7,9,7
THEFT,OTHER THEFT,Bromley,216,183,185,171,166,190,187,147,126,132,157,140,187,185,176,159,153,189,145,141,159,166,171,164
THEFT,SHOPLIFTING,Bromley,264,350,279,309,284,267,270,254,284,362,329,175,205,232,234,253,207,181,137,224,293,261,318,225
THEFT,THEFT FROM THE PERSON,Bromley,68,45,58,60,81,71,47,49,62,51,44,39,53,56,58,46,47,41,51,46,35,44,40,57
VEHICLE OFFENCES,AGGRAVATED VEHICLE TAKING,Bromley,1,2,1,1,3,0,1,2,0,3,3,0,0,1,1,2,1,2,2,2,0,0,0,1
VEHICLE OFFENCES,INTERFERING WITH A MOTOR VEHICLE,Bromley,51,54,39,40,57,46,36,43,44,51,42,27,38,32,48,50,48,30,40,32,33,43,23,42
VEHICLE OFFENCES,THEFT FROM A VEHICLE,Bromley,150,114,148,135,165,127,148,132,100,89,97,130,128,161,129,164,129,80,128,84,146,155,131,155
VEHICLE OFFENCES,THEFT OR UNAUTH TAKING OF A MOTOR VEH,Bromley,139,97,118,138,115,103,105,94,130,105,127,134,126,133,129,129,118,116,122,121,130,102,114,133
VIOLENCE AGAINST THE PERSON,DEATH SERIOUS INJURY ILLEGAL DRIVING,Bromley,0,0,0,0,0,0,1,0,1,1,0,1,2,1,1,1,0,1,1,0,1,1,2,0
VIOLENCE AGAINST THE PERSON,HOMICIDE,Bromley,1,0,0,0,0,0,0,0,1,0,0,0,0,0,0,0,0,0,0,0,0,0,0,0
VIOLENCE AGAINST THE PERSON,STALKING AND HARASSMENT,Bromley,143,155,153,138,148,151,153,145,145,146,157,188,183,138,138,187,169,165,135,155,147,161,166,180
VIOLENCE AGAINST THE PERSON,VIOLENCE WITH INJURY,Bromley,192,179,174,137,139,145,129,129,152,139,169,187,178,142,113,136,129,150,144,150,149,161,177,146
VIOLENCE AGAINST THE PERSON,VIOLENCE WITHOUT INJURY,Bromley,265,239,240,247,263,240,246,259,256,246,272,254,306,231,246,232,260,266,243,278,273,277,284,299
ARSON AND CRIMINAL DAMAGE,ARSON,Camden,3,5,2,1,4,3,6,3,5,6,4,7,2,2,1,5,3,4,3,5,4,7,8,7
ARSON AND CRIMINAL DAMAGE,CRIMINAL DAMAGE,Camden,170,154,136,148,163,147,127,124,123,137,168,154,172,150,150,154,125,118,142,115,147,128,125,123
BURGLARY,BURGLARY BUSINESS AND COMMUNITY,Camden,83,98,76,97,85,76,100,87,121,104,84,92,80,84,89,114,113,102,69,56,78,68,55,84
BURGLARY,RES BURGLARY OF A HOME,Camden,58,76,66,67,82,81,87,63,54,47,39,39,45,81,76,71,74,61,66,69,65,53,51,68
BURGLARY,RES BURGLARY OF UNCONNECTED BUILDING,Camden,41,25,32,43,39,49,48,31,24,33,33,32,38,36,39,31,45,49,43,20,27,22,30,20
DRUG OFFENCES,POSSESSION OF DRUGS,Camden,61,56,88,63,68,62,92,97,90,58,82,75,62,92,87,74,109,92,94,90,113,73,78,108
DRUG OFFENCES,TRAFFICKING OF DRUGS,Camden,44,24,59,49,56,89,70,62,72,78,82,41,51,26,32,41,66,53,39,42,46,55,29,29
FRAUD AND FORGERY,FRAUD AND FORGERY,Camden,1,0,0,0,0,0,0,0,0,0,0,0,0,0,0,0,0,0,0,0,0,0,0,0
MISCELLANEOUS CRIMES AGAINST SOCIETY,MISC CRIMES AGAINST SOCIETY,Camden,16,20,16,18,21,20,13,16,29,25,19,16,30,20,18,19,15,24,28,36,24,23,27,38
POSSESSION OF WEAPONS,POSSESSION OF WEAPONS,Camden,12,7,14,15,12,8,8,14,20,14,15,14,15,17,14,13,17,11,24,11,14,15,22,27
PUBLIC ORDER OFFENCES,OTHER OFFENCES PUBLIC ORDER,Camden,21,23,26,23,18,21,23,19,30,18,34,27,19,18,25,24,21,30,27,24,22,22,26,35
PUBLIC ORDER OFFENCES,"PUBLIC FEAR, ALARM OR DISTRESS",Camden,112,130,117,136,119,101,121,98,127,119,173,136,144,100,134,132,123,115,112,74,147,114,127,148
PUBLIC ORDER OFFENCES,RACE OR RELIGIOUS AGG PUBLIC FEAR,Camden,47,51,77,52,62,56,48,35,34,55,48,54,64,57,58,77,63,37,50,44,38,52,70,55
PUBLIC ORDER OFFENCES,VIOLENT DISORDER,Camden,0,0,0,0,0,0,0,0,0,0,0,0,0,0,0,0,0,0,1,0,0,0,0,1
ROBBERY,ROBBERY OF BUSINESS PROPERTY,Camden,25,37,22,33,28,23,24,36,24,31,31,30,47,39,43,21,37,26,30,38,47,53,46,38
ROBBERY,ROBBERY OF PERSONAL PROPERTY,Camden,150,120,98,131,148,142,101,108,90,77,90,95,81,99,86,83,84,73,69,84,111,90,109,95
SEXUAL OFFENCES,OTHER SEXUAL OFFENCES,Camden,76,45,51,61,47,43,52,41,48,55,58,60,51,50,54,66,60,33,45,43,51,53,81,68
SEXUAL OFFENCES,RAPE,Camden,19,26,18,19,32,31,30,23,31,21,37,36,35,25,41,31,25,26,18,24,28,31,38,34
THEFT,BICYCLE THEFT,Camden,94,82,85,120,71,50,76,64,67,90,107,85,97,84,82,75,71,64,82,49,59,61,68,92
THEFT,OTHER THEFT,Camden,616,583,500,647,670,644,568,607,621,640,577,557,678,647,642,708,619,655,491,500,486,491,553,535
THEFT,SHOPLIFTING,Camden,389,402,390,335,425,316,304,286,342,363,357,409,440,437,412,278,338,345,327,375,312,374,389,372
THEFT,THEFT FROM THE PERSON,Camden,930,599,684,992,949,905,693,926,757,666,568,576,605,497,516,523,628,542,446,585,562,559,563,514
VEHICLE OFFENCES,AGGRAVATED VEHICLE TAKING,Camden,1,1,2,1,0,0,0,1,5,2,1,0,2,1,0,2,0,0,3,1,1,1,0,1
VEHICLE OFFENCES,INTERFERING WITH A MOTOR VEHICLE,Camden,24,22,31,17,21,26,14,22,22,19,24,16,18,25,12,15,33,11,15,12,13,6,13,10
VEHICLE OFFENCES,THEFT FROM A VEHICLE,Camden,208,210,164,197,195,186,153,170,159,138,122,124,146,194,201,128,146,133,112,117,131,99,105,115
VEHICLE OFFENCES,THEFT OR UNAUTH TAKING OF A MOTOR VEH,Camden,51,62,58,54,47,53,44,41,57,49,64,49,59,44,44,40,30,50,39,37,35,37,35,57
VIOLENCE AGAINST THE PERSON,DEATH SERIOUS INJURY ILLEGAL DRIVING,Camden,0,1,1,0,0,0,2,0,0,2,1,0,1,0,0,1,2,0,0,0,2,0,0,0
VIOLENCE AGAINST THE PERSON,HOMICIDE,Camden,0,1,0,1,0,0,0,0,0,0,0,2,0,0,1,0,0,0,1,0,2,1,0,0
VIOLENCE AGAINST THE PERSON,STALKING AND HARASSMENT,Camden,117,119,96,109,129,125,115,110,121,123,136,126,146,146,138,156,152,177,151,140,179,141,175,168
VIOLENCE AGAINST THE PERSON,VIOLENCE WITH INJURY,Camden,181,156,158,174,154,194,136,122,175,143,163,170,207,157,144,183,182,137,136,149,172,171,203,176
VIOLENCE AGAINST THE PERSON,VIOLENCE WITHOUT INJURY,Camden,296,272,342,304,296,331,309,303,299,305,325,309,347,327,321,357,323,298,293,278,366,331,340,362
ARSON AND CRIMINAL DAMAGE,ARSON,Croydon,10,16,11,5,16,5,7,9,13,8,7,12,10,15,4,8,2,5,6,9,11,7,6,12
ARSON AND CRIMINAL DAMAGE,CRIMINAL DAMAGE,Croydon,276,245,205,229,228,243,208,184,203,206,236,172,244,234,202,218,190,201,205,201,223,183,213,196
BURGLARY,BURGLARY BUSINESS AND COMMUNITY,Croydon,45,61,37,42,54,56,45,41,43,49,67,44,73,44,32,34,30,35,34,34,41,51,35,34
BURGLARY,RES BURGLARY OF A HOME,Croydon,84,80,102,85,96,128,127,84,85,77,67,84,92,82,67,84,103,95,77,98,88,57,68,50
BURGLARY,RES BURGLARY OF UNCONNECTED BUILDING,Croydon,13,24,25,27,21,25,14,17,10,14,12,20,24,30,27,30,20,26,21,23,28,23,28,22
DRUG OFFENCES,POSSESSION OF DRUGS,Croydon,98,88,82,87,93,105,104,104,121,124,136,122,92,128,133,118,141,128,130,133,156,134,161,153
DRUG OFFENCES,TRAFFICKING OF DRUGS,Croydon,66,88,93,111,131,190,148,108,151,142,120,58,64,35,46,33,39,41,66,55,45,29,24,30
FRAUD AND FORGERY,FRAUD AND FORGERY,Croydon,1,0,0,2,1,0,0,1,1,0,0,0,0,0,0,0,0,0,0,0,0,2,0,0
MISCELLANEOUS CRIMES AGAINST SOCIETY,MISC CRIMES AGAINST SOCIETY,Croydon,48,36,38,55,34,54,43,34,43,39,54,44,63,47,38,35,33,29,38,54,55,44,42,48
POSSESSION OF WEAPONS,POSSESSION OF WEAPONS,Croydon,26,19,21,34,23,22,22,26,24,28,22,27,28,26,27,15,35,25,26,31,34,36,27,39
PUBLIC ORDER OFFENCES,OTHER OFFENCES PUBLIC ORDER,Croydon,25,36,22,23,24,24,35,20,25,29,30,29,35,44,30,32,40,34,34,22,36,44,34,40
PUBLIC ORDER OFFENCES,"PUBLIC FEAR, ALARM OR DISTRESS",Croydon,125,143,111,107,106,114,90,107,140,111,123,120,135,107,115,116,108,103,102,85,105,86,124,98
PUBLIC ORDER OFFENCES,RACE OR RELIGIOUS AGG PUBLIC FEAR,Croydon,56,62,41,37,40,27,26,51,33,55,51,54,51,41,43,36,45,36,54,27,50,39,53,51
PUBLIC ORDER OFFENCES,VIOLENT DISORDER,Croydon,0,3,0,0,1,0,0,0,0,0,0,0,0,0,0,0,0,0,0,0,0,0,0,0
ROBBERY,ROBBERY OF BUSINESS PROPERTY,Croydon,20,34,27,24,18,17,19,23,23,19,43,27,32,38,32,27,24,27,26,16,29,24,26,39
ROBBERY,ROBBERY OF PERSONAL PROPERTY,Croydon,72,63,74,88,89,77,53,65,63,66,74,81,78,53,67,63,54,64,72,49,57,48,57,50
SEXUAL OFFENCES,OTHER SEXUAL OFFENCES,Croydon,78,54,63,77,68,56,68,75,62,67,62,71,88,78,56,57,73,64,77,69,83,76,93,84
SEXUAL OFFENCES,RAPE,Croydon,42,44,41,41,40,40,58,43,40,39,44,43,26,41,47,33,32,30,40,24,45,41,35,30
THEFT,BICYCLE THEFT,Croydon,19,15,17,17,18,13,15,17,23,11,17,15,15,19,14,19,18,19,13,15,12,22,16,14
THEFT,OTHER THEFT,Croydon,238,281,247,229,240,269,242,193,235,216,215,258,270,222,227,224,234,229,226,190,224,236,229,252
THEFT,SHOPLIFTING,Croydon,335,470,406,494,295,237,265,223,268,320,284,231,260,289,282,233,221,227,297,287,295,374,364,342
THEFT,THEFT FROM THE PERSON,Croydon,60,65,100,74,89,76,71,77,55,61,80,55,62,87,79,51,79,56,70,55,59,77,62,63
VEHICLE OFFENCES,AGGRAVATED VEHICLE TAKING,Croydon,0,3,5,3,5,2,2,1,1,3,0,1,0,3,5,1,3,2,3,1,1,2,1,2
VEHICLE OFFENCES,INTERFERING WITH A MOTOR VEHICLE,Croydon,36,37,41,31,33,41,54,31,30,27,20,42,34,31,35,37,34,27,31,30,32,33,36,40
VEHICLE OFFENCES,THEFT FROM A VEHICLE,Croydon,139,148,159,153,164,166,160,164,110,110,110,102,117,127,115,115,79,100,132,83,124,176,225,163
VEHICLE OFFENCES,THEFT OR UNAUTH TAKING OF A MOTOR VEH,Croydon,147,159,120,120,130,110,112,88,147,152,172,150,165,164,180,180,149,120,155,130,135,117,154,149
VIOLENCE AGAINST THE PERSON,DEATH SERIOUS INJURY ILLEGAL DRIVING,Croydon,0,0,0,0,1,0,0,0,0,2,0,0,0,0,0,0,0,1,0,1,0,0,0,1
VIOLENCE AGAINST THE PERSON,HOMICIDE,Croydon,0,0,0,0,0,0,1,0,0,1,1,1,1,0,0,0,0,0,0,1,0,0,0,1
VIOLENCE AGAINST THE PERSON,STALKING AND HARASSMENT,Croydon,219,218,235,239,197,199,220,210,258,188,226,259,247,241,220,247,210,224,247,249,235,246,267,268
VIOLENCE AGAINST THE PERSON,VIOLENCE WITH INJURY,Croydon,316,291,232,244,268,258,253,232,286,252,277,322,299,257,226,222,201,224,247,186,276,254,262,299
VIOLENCE AGAINST THE PERSON,VIOLENCE WITHOUT INJURY,Croydon,484,457,401,466,486,434,446,370,454,408,512,481,523,450,415,442,479,462,477,416,502,424,539,535
ARSON AND CRIMINAL DAMAGE,ARSON,Ealing,8,12,6,9,4,4,10,4,0,8,4,5,13,7,4,6,4,7,8,9,11,8,7,10
ARSON AND CRIMINAL DAMAGE,CRIMINAL DAMAGE,Ealing,182,189,170,134,154,121,169,160,174,172,186,183,189,168,185,196,187,172,160,163,170,190,158,178
BURGLARY,BURGLARY BUSINESS AND COMMUNITY,Ealing,46,41,52,59,35,29,47,38,30,41,51,35,49,47,44,54,39,45,36,32,39,37,34,28
BURGLARY,RES BURGLARY OF A HOME,Ealing,60,47,64,100,92,117,120,116,83,53,61,37,50,64,61,93,138,122,128,93,84,60,74,61
BURGLARY,RES BURGLARY OF UNCONNECTED BUILDING,Ealing,21,15,16,25,39,21,21,13,23,17,16,13,21,25,25,29,26,30,30,25,34,32,30,36
DRUG OFFENCES,POSSESSION OF DRUGS,Ealing,48,61,55,64,48,52,68,59,72,60,50,101,94,104,77,80,72,71,68,65,74,86,82,79
DRUG OFFENCES,TRAFFICKING OF DRUGS,Ealing,38,22,75,83,61,56,52,38,44,122,135,136,149,60,69,135,175,81,75,46,46,43,23,20
FRAUD AND FORGERY,FRAUD AND FORGERY,Ealing,0,0,0,0,0,0,0,0,0,0,1,0,0,0,0,0,0,0,0,0,0,0,0,0
MISCELLANEOUS CRIMES AGAINST SOCIETY,MISC CRIMES AGAINST SOCIETY,Ealing,31,16,32,37,34,29,26,31,27,36,32,31,33,38,27,38,26,25,24,36,36,31,34,49
POSSESSION OF WEAPONS,POSSESSION OF WEAPONS,Ealing,23,20,12,10,16,13,13,16,15,14,14,26,31,16,26,24,21,25,18,12,23,34,27,31
PUBLIC ORDER OFFENCES,OTHER OFFENCES PUBLIC ORDER,Ealing,15,18,19,20,15,14,16,18,23,17,28,31,29,26,18,30,19,20,20,27,22,31,36,36
PUBLIC ORDER OFFENCES,"PUBLIC FEAR, ALARM OR DISTRESS",Ealing,137,123,117,138,121,110,111,80,118,131,135,132,130,128,96,111,111,99,91,95,120,97,162,130
PUBLIC ORDER OFFENCES,RACE OR RELIGIOUS AGG PUBLIC FEAR,Ealing,65,64,35,40,39,29,53,28,53,33,43,44,33,52,26,38,39,53,28,37,54,65,52,67
PUBLIC ORDER OFFENCES,VIOLENT DISORDER,Ealing,1,0,0,1,0,0,1,0,0,0,0,0,0,0,1,0,0,0,1,0,0,0,0,0
ROBBERY,ROBBERY OF BUSINESS PROPERTY,Ealing,17,24,32,26,14,16,8,18,24,20,18,18,24,30,22,22,23,17,26,20,22,19,19,25
ROBBERY,ROBBERY OF PERSONAL PROPERTY,Ealing,80,63,68,54,46,52,57,57,60,40,71,63,73,45,38,36,48,44,44,59,70,75,71,69
SEXUAL OFFENCES,OTHER SEXUAL OFFENCES,Ealing,58,64,46,55,51,49,59,44,48,57,65,66,62,54,51,52,52,40,58,66,70,65,56,69
SEXUAL OFFENCES,RAPE,Ealing,28,25,31,36,12,14,33,30,32,34,22,29,33,23,26,23,39,36,21,29,30,25,22,32
THEFT,BICYCLE THEFT,Ealing,31,65,60,34,45,21,25,18,20,44,30,33,42,32,40,32,26,26,18,18,23,35,41,32
THEFT,OTHER THEFT,Ealing,260,253,244,273,282,234,213,227,187,232,234,220,271,236,254,232,240,246,214,200,260,215,264,277
THEFT,SHOPLIFTING,Ealing,287,199,266,327,317,298,293,324,380,274,181,232,273,250,177,213,204,165,206,163,213,242,237,275
THEFT,THEFT FROM THE PERSON,Ealing,102,114,94,123,135,81,108,81,143,147,97,111,116,51,73,115,115,91,106,109,152,105,94,95
VEHICLE OFFENCES,AGGRAVATED VEHICLE TAKING,Ealing,0,3,1,2,0,3,0,2,1,2,0,1,1,0,0,0,0,1,0,2,0,0,0,2
VEHICLE OFFENCES,INTERFERING WITH A MOTOR VEHICLE,Ealing,46,25,33,45,35,29,38,31,28,20,32,31,33,38,26,35,35,30,38,30,31,33,33,31
VEHICLE OFFENCES,THEFT FROM A VEHICLE,Ealing,236,209,247,259,252,226,304,225,210,207,227,258,216,231,238,231,234,220,193,247,275,254,237,222
VEHICLE OFFENCES,THEFT OR UNAUTH TAKING OF A MOTOR VEH,Ealing,88,97,98,97,95,105,93,102,82,96,108,84,89,100,90,94,106,84,97,73,81,98,95,101
VIOLENCE AGAINST THE PERSON,DEATH SERIOUS INJURY ILLEGAL DRIVING,Ealing,1,0,1,1,1,0,1,0,0,0,0,0,1,0,1,0,0,0,1,1,1,0,1,0
VIOLENCE AGAINST THE PERSON,HOMICIDE,Ealing,0,0,0,0,0,2,0,2,0,1,0,1,0,0,0,0,0,0,0,0,0,2,0,1
VIOLENCE AGAINST THE PERSON,STALKING AND HARASSMENT,Ealing,185,185,158,183,187,185,185,173,192,189,189,208,222,199,218,245,194,190,189,210,233,210,226,245
VIOLENCE AGAINST THE PERSON,VIOLENCE WITH INJURY,Ealing,213,195,213,182,229,211,206,186,231,214,252,235,256,230,202,204,220,207,195,193,195,194,297,241
VIOLENCE AGAINST THE PERSON,VIOLENCE WITHOUT INJURY,Ealing,448,376,348,367,462,406,403,349,442,408,410,473,497,452,404,439,416,415,363,424,449,418,496,466
ARSON AND CRIMINAL DAMAGE,ARSON,Enfield,13,9,8,5,15,5,5,7,9,4,5,4,4,5,6,4,7,6,4,2,5,8,12,7
ARSON AND CRIMINAL DAMAGE,CRIMINAL DAMAGE,Enfield,168,161,153,149,162,129,146,135,151,168,169,168,183,148,142,188,162,149,144,141,145,167,182,178
BURGLARY,BURGLARY BUSINESS AND COMMUNITY,Enfield,66,53,39,48,60,46,53,37,23,35,44,37,21,33,33,47,28,36,48,43,48,29,43,33
BURGLARY,RES BURGLARY OF A HOME,Enfield,104,84,108,116,112,115,127,106,97,72,73,60,69,105,120,98,150,119,133,146,139,81,66,61
BURGLARY,RES BURGLARY OF UNCONNECTED BUILDING,Enfield,12,9,20,14,18,21,25,22,27,19,15,17,12,21,17,16,14,25,30,13,27,29,25,16
DRUG OFFENCES,POSSESSION OF DRUGS,Enfield,59,60,104,103,117,76,110,75,87,71,112,115,86,113,96,81,117,84,97,112,130,98,103,131
DRUG OFFENCES,TRAFFICKING OF DRUGS,Enfield,41,32,77,94,76,97,85,58,62,114,116,58,85,61,76,76,34,55,77,26,41,29,18,21
FRAUD AND FORGERY,FRAUD AND FORGERY,Enfield,2,0,0,0,0,1,1,0,0,0,0,0,0,0,0,0,1,0,1,0,1,1,0,1
MISCELLANEOUS CRIMES AGAINST SOCIETY,MISC CRIMES AGAINST SOCIETY,Enfield,35,37,28,43,37,34,38,33,46,36,50,46,36,45,37,37,44,34,60,46,44,40,39,40
POSSESSION OF WEAPONS,POSSESSION OF WEAPONS,Enfield,20,18,33,25,22,17,18,15,24,25,22,21,23,23,21,19,18,20,21,17,23,35,29,33
PUBLIC ORDER OFFENCES,OTHER OFFENCES PUBLIC ORDER,Enfield,12,18,16,19,14,17,17,8,10,13,15,15,23,14,19,12,14,14,21,20,25,18,36,30
PUBLIC ORDER OFFENCES,"PUBLIC FEAR, ALARM OR DISTRESS",Enfield,94,94,78,99,103,88,87,72,82,66,104,102,100,74,74,75,89,82,51,73,98,83,90,91
PUBLIC ORDER OFFENCES,RACE OR RELIGIOUS AGG PUBLIC FEAR,Enfield,38,43,37,35,35,21,38,31,27,30,20,46,36,38,30,40,34,30,21,38,33,35,39,42
PUBLIC ORDER OFFENCES,VIOLENT DISORDER,Enfield,0,0,0,0,0,0,0,0,0,0,0,0,0,1,0,0,0,0,1,0,0,1,0,0
ROBBERY,ROBBERY OF BUSINESS PROPERTY,Enfield,17,11,18,13,17,13,14,18,10,8,21,23,24,17,19,27,13,19,10,18,18,14,22,28
ROBBERY,ROBBERY OF PERSONAL PROPERTY,Enfield,51,50,71,86,81,62,72,73,74,94,79,81,59,62,68,56,67,64,54,46,78,79,88,82
SEXUAL OFFENCES,OTHER SEXUAL OFFENCES,Enfield,56,37,38,33,50,43,36,42,44,49,42,43,54,60,57,49,39,41,59,63,54,35,42,60
SEXUAL OFFENCES,RAPE,Enfield,21,20,16,30,24,18,24,18,22,25,28,32,33,26,31,14,34,21,30,31,30,31,36,35
THEFT,BICYCLE THEFT,Enfield,18,23,21,21,21,12,12,9,16,17,14,17,19,18,18,21,10,11,10,15,17,18,16,18
THEFT,OTHER THEFT,Enfield,226,237,286,251,281,240,238,197,230,189,211,222,257,207,217,257,216,229,224,215,231,214,236,226
THEFT,SHOPLIFTING,Enfield,238,383,361,319,319,255,266,249,230,174,185,209,227,239,206,198,153,173,173,149,207,203,218,202
THEFT,THEFT FROM THE PERSON,Enfield,83,77,74,152,158,174,115,141,138,133,133,106,113,74,86,96,143,110,89,99,127,81,101,99
VEHICLE OFFENCES,AGGRAVATED VEHICLE TAKING,Enfield,4,3,1,1,2,0,3,1,7,1,5,2,4,2,1,3,3,2,2,6,1,1,2,2
VEHICLE OFFENCES,INTERFERING WITH A MOTOR VEHICLE,Enfield,49,58,53,36,33,26,35,35,37,53,31,25,21,27,50,52,33,32,31,25,37,28,27,33
VEHICLE OFFENCES,THEFT FROM A VEHICLE,Enfield,202,180,173,197,171,132,147,125,181,127,136,123,144,120,136,140,168,102,104,113,145,128,132,149
VEHICLE OFFENCES,THEFT OR UNAUTH TAKING OF A MOTOR VEH,Enfield,153,153,174,177,160,130,180,169,137,129,116,115,147,107,176,160,135,135,158,128,156,154,160,168
VIOLENCE AGAINST THE PERSON,DEATH SERIOUS INJURY ILLEGAL DRIVING,Enfield,0,1,1,1,0,1,1,1,0,1,1,0,1,0,3,0,0,0,1,3,1,0,3,1
VIOLENCE AGAINST THE PERSON,HOMICIDE,Enfield,0,0,0,1,0,0,0,0,0,1,0,1,0,0,0,1,0,0,0,0,0,0,0,0
VIOLENCE AGAINST THE PERSON,STALKING AND HARASSMENT,Enfield,132,161,157,164,144,174,186,158,187,168,183,202,212,177,171,227,203,164,212,210,201,187,201,223
VIOLENCE AGAINST THE PERSON,VIOLENCE WITH INJURY,Enfield,221,157,190,194,180,175,182,128,184,198,195,205,213,163,158,204,165,181,173,166,178,196,194,210
VIOLENCE AGAINST THE PERSON,VIOLENCE WITHOUT INJURY,Enfield,346,306,384,326,329,330,338,292,350,293,322,371,381,280,329,344,335,345,358,356,357,376,428,430
ARSON AND CRIMINAL DAMAGE,ARSON,Greenwich,14,14,9,11,8,10,12,7,13,15,7,14,11,15,6,10,7,3,8,3,3,2,11,5
ARSON AND CRIMINAL DAMAGE,CRIMINAL DAMAGE,Greenwich,162,178,164,150,151,152,138,143,143,147,182,158,152,187,146,187,155,127,151,134,164,146,160,144
BURGLARY,BURGLARY BUSINESS AND COMMUNITY,Greenwich,26,37,30,50,51,29,53,25,41,28,41,30,23,34,31,36,32,17,23,34,27,28,38,31
BURGLARY,RES BURGLARY OF A HOME,Greenwich,47,46,54,55,83,66,64,54,55,64,63,82,69,60,46,57,57,46,60,70,44,48,33,61
BURGLARY,RES BURGLARY OF UNCONNECTED BUILDING,Greenwich,24,25,37,20,25,36,39,21,34,21,24,23,27,38,31,45,31,36,30,20,35,32,22,41
DRUG OFFENCES,POSSESSION OF DRUGS,Greenwich,92,82,101,102,120,99,122,86,122,90,95,103,94,107,105,122,100,114,80,119,112,122,111,80
DRUG OFFENCES,TRAFFICKING OF DRUGS,Greenwich,36,39,47,60,76,56,59,49,59,76,83,37,83,40,67,43,34,27,48,25,20,16,14,20
FRAUD AND FORGERY,FRAUD AND FORGERY,Greenwich,0,0,0,0,0,0,0,0,0,0,0,0,0,0,0,0,1,0,0,0,0,0,0,0
MISCELLANEOUS CRIMES AGAINST SOCIETY,MISC CRIMES AGAINST SOCIETY,Greenwich,26,35,43,30,47,41,38,36,38,46,31,38,38,30,36,43,46,34,29,41,34,35,38,46
POSSESSION OF WEAPONS,POSSESSION OF WEAPONS,Greenwich,17,20,29,25,21,18,22,16,36,22,29,19,19,18,26,19,19,17,15,17,17,25,28,22
PUBLIC ORDER OFFENCES,OTHER OFFENCES PUBLIC ORDER,Greenwich,19,21,19,30,29,41,26,23,22,25,24,25,35,27,24,19,23,28,39,34,38,29,22,28
PUBLIC ORDER OFFENCES,"PUBLIC FEAR, ALARM OR DISTRESS",Greenwich,115,99,108,120,103,99,90,103,106,100,141,115,128,116,96,101,102,72,84,88,80,104,99,113
PUBLIC ORDER OFFENCES,RACE OR RELIGIOUS AGG PUBLIC FEAR,Greenwich,36,42,44,37,29,31,25,35,26,39,40,40,42,41,51,27,39,35,47,40,35,40,41,46
PUBLIC ORDER OFFENCES,VIOLENT DISORDER,Greenwich,0,0,0,0,0,0,0,0,1,2,1,0,0,0,2,0,0,0,0,0,0,0,1,0
ROBBERY,ROBBERY OF BUSINESS PROPERTY,Greenwich,12,21,26,32,19,17,20,12,23,26,23,29,24,42,27,20,32,32,20,39,31,30,27,35
ROBBERY,ROBBERY OF PERSONAL PROPERTY,Greenwich,50,54,58,57,60,47,47,52,63,42,57,33,36,48,40,35,47,50,41,39,51,50,43,74
SEXUAL OFFENCES,OTHER SEXUAL OFFENCES,Greenwich,67,53,55,67,46,41,39,48,57,44,54,61,54,58,63,44,50,50,49,39,47,49,56,60
SEXUAL OFFENCES,RAPE,Greenwich,26,12,23,35,24,22,36,18,17,36,19,27,30,27,27,28,36,21,22,33,30,18,26,28
THEFT,BICYCLE THEFT,Greenwich,43,42,31,30,36,15,15,19,15,34,29,25,40,23,23,27,23,11,19,11,19,14,30,36
THEFT,OTHER THEFT,Greenwich,236,207,230,225,218,211,205,201,228,237,232,211,226,240,224,239,220,245,178,157,193,196,205,243
THEFT,SHOPLIFTING,Greenwich,272,262,258,236,229,198,195,184,217,250,258,229,275,243,220,205,206,164,215,297,295,236,220,231
THEFT,THEFT FROM THE PERSON,Greenwich,65,111,90,110,119,110,69,77,97,78,92,90,75,65,45,70,68,75,72,61,81,68,76,63
VEHICLE OFFENCES,AGGRAVATED VEHICLE TAKING,Greenwich,1,4,2,0,3,2,2,2,3,3,3,1,0,2,1,1,1,2,3,2,3,4,0,0
VEHICLE OFFENCES,INTERFERING WITH A MOTOR VEHICLE,Greenwich,38,30,35,23,35,28,19,27,31,34,11,15,30,37,33,30,27,29,37,23,31,20,22,22
VEHICLE OFFENCES,THEFT FROM A VEHICLE,Greenwich,96,115,93,108,110,96,91,87,77,90,84,75,95,82,107,99,102,94,147,81,92,76,81,105
VEHICLE OFFENCES,THEFT OR UNAUTH TAKING OF A MOTOR VEH,Greenwich,108,119,99,79,88,97,97,89,107,96,107,95,109,107,75,86,76,79,77,78,97,86,78,103
VIOLENCE AGAINST THE PERSON,DEATH SERIOUS INJURY ILLEGAL DRIVING,Greenwich,0,0,1,0,0,0,0,0,0,0,0,0,0,0,0,0,1,1,0,0,0,0,0,0
VIOLENCE AGAINST THE PERSON,HOMICIDE,Greenwich,0,0,1,0,0,0,2,0,0,0,0,0,0,1,0,0,0,0,1,0,1,2,0,0
VIOLENCE AGAINST THE PERSON,STALKING AND HARASSMENT,Greenwich,179,160,173,158,159,156,175,134,182,192,184,183,217,210,184,215,182,206,206,190,192,214,200,231
VIOLENCE AGAINST THE PERSON,VIOLENCE WITH INJURY,Greenwich,202,208,251,226,192,226,182,203,212,208,257,232,260,207,208,206,178,219,203,207,219,203,243,255
VIOLENCE AGAINST THE PERSON,VIOLENCE WITHOUT INJURY,Greenwich,333,340,343,390,354,340,315,358,371,343,362,414,340,370,351,323,345,352,324,302,323,367,393,465
ARSON AND CRIMINAL DAMAGE,ARSON,Hackney,8,7,7,4,5,2,0,4,5,7,12,3,4,5,5,3,1,2,4,4,5,7,2,7
ARSON AND CRIMINAL DAMAGE,CRIMINAL DAMAGE,Hackney,152,149,181,125,122,123,124,109,117,135,161,141,130,152,139,136,139,120,130,120,132,142,168,127
BURGLARY,BURGLARY BUSINESS AND COMMUNITY,Hackney,43,44,62,75,48,49,70,38,62,43,46,50,60,46,44,55,52,53,70,47,50,44,42,52
BURGLARY,RES BURGLARY OF A HOME,Hackney,61,83,70,90,73,68,58,52,58,62,72,125,109,90,86,67,55,40,71,41,62,52,58,53
BURGLARY,RES BURGLARY OF UNCONNECTED BUILDING,Hackney,41,42,53,62,64,34,38,41,58,41,45,38,50,35,35,34,41,42,42,41,38,42,38,58
DRUG OFFENCES,POSSESSION OF DRUGS,Hackney,71,98,107,97,116,84,121,92,142,116,113,83,121,119,97,118,110,113,111,108,109,126,116,126
DRUG OFFENCES,TRAFFICKING OF DRUGS,Hackney,33,36,55,66,55,70,98,66,84,71,64,86,117,74,89,58,53,80,86,53,55,36,20,19
FRAUD AND FORGERY,FRAUD AND FORGERY,Hackney,0,0,0,0,0,1,0,0,0,1,0,0,0,0,0,0,1,0,0,0,0,0,0,1
MISCELLANEOUS CRIMES AGAINST SOCIETY,MISC CRIMES AGAINST SOCIETY,Hackney,17,23,31,29,23,26,18,18,35,37,36,27,37,30,36,24,33,24,18,32,27,33,31,36
POSSESSION OF WEAPONS,POSSESSION OF WEAPONS,Hackney,19,15,20,21,16,21,17,21,22,23,18,33,17,38,31,28,28,27,19,23,29,18,19,32
PUBLIC ORDER OFFENCES,OTHER OFFENCES PUBLIC ORDER,Hackney,28,28,21,20,19,11,22,17,26,26,25,20,27,26,25,19,23,27,21,15,17,40,24,57
PUBLIC ORDER OFFENCES,"PUBLIC FEAR, ALARM OR DISTRESS",Hackney,112,127,118,123,114,84,99,89,105,107,130,114,135,115,132,108,79,102,88,83,98,98,122,114
PUBLIC ORDER OFFENCES,RACE OR RELIGIOUS AGG PUBLIC FEAR,Hackney,61,45,46,41,49,42,26,30,45,25,58,37,57,52,58,63,39,28,44,38,30,44,57,47
PUBLIC ORDER OFFENCES,VIOLENT DISORDER,Hackney,0,0,1,0,0,0,0,0,3,1,0,0,0,0,0,0,0,0,0,0,0,0,0,0
ROBBERY,ROBBERY OF BUSINESS PROPERTY,Hackney,23,14,22,28,37,13,18,22,17,30,26,35,35,29,24,34,40,31,34,27,27,35,43,21
ROBBERY,ROBBERY OF PERSONAL PROPERTY,Hackney,102,109,112,99,122,127,137,88,139,92,99,97,149,118,103,108,128,89,96,103,90,91,82,88
SEXUAL OFFENCES,OTHER SEXUAL OFFENCES,Hackney,56,53,44,49,60,57,46,49,55,48,47,59,71,61,52,55,36,49,39,39,67,43,66,52
SEXUAL OFFENCES,RAPE,Hackney,25,31,22,24,26,24,21,30,35,22,23,34,17,23,45,32,32,23,21,21,23,21,35,24
THEFT,BICYCLE THEFT,Hackney,136,148,122,176,115,101,82,76,95,82,119,123,127,108,123,141,106,86,68,55,77,89,126,113
THEFT,OTHER THEFT,Hackney,349,302,254,311,288,298,286,258,290,303,303,271,270,265,294,295,269,289,263,218,253,233,267,279
THEFT,SHOPLIFTING,Hackney,155,238,275,263,267,236,197,145,139,142,171,217,234,271,208,226,209,232,184,201,244,255,356,345
THEFT,THEFT FROM THE PERSON,Hackney,337,485,354,521,462,356,298,302,438,391,411,446,435,395,329,305,371,374,337,336,377,396,377,325
VEHICLE OFFENCES,AGGRAVATED VEHICLE TAKING,Hackney,2,3,1,0,1,2,2,0,3,0,0,3,0,0,1,0,0,0,2,2,0,0,2,2
VEHICLE OFFENCES,INTERFERING WITH A MOTOR VEHICLE,Hackney,12,20,24,30,17,17,15,25,22,10,15,13,14,13,20,21,14,9,25,19,10,11,18,5
VEHICLE OFFENCES,THEFT FROM A VEHICLE,Hackney,151,134,114,121,160,114,117,103,103,92,110,111,126,92,117,95,86,102,90,86,97,75,87,79
VEHICLE OFFENCES,THEFT OR UNAUTH TAKING OF A MOTOR VEH,Hackney,69,63,59,69,63,38,65,43,62,49,42,75,72,56,62,49,37,45,37,31,50,58,54,62
VIOLENCE AGAINST THE PERSON,DEATH SERIOUS INJURY ILLEGAL DRIVING,Hackney,3,0,1,0,0,1,0,1,2,0,1,1,0,0,0,0,0,1,0,0,1,0,2,0
VIOLENCE AGAINST THE PERSON,HOMICIDE,Hackney,2,1,0,0,0,1,0,1,1,0,1,1,0,1,1,0,1,0,0,0,0,0,1,0
VIOLENCE AGAINST THE PERSON,STALKING AND HARASSMENT,Hackney,133,163,137,121,120,155,179,165,141,135,147,143,168,163,144,184,180,164,160,151,164,155,176,167
VIOLENCE AGAINST THE PERSON,VIOLENCE WITH INJURY,Hackney,195,181,176,175,214,188,165,157,166,163,204,201,220,208,166,159,165,169,174,149,190,166,205,182
VIOLENCE AGAINST THE PERSON,VIOLENCE WITHOUT INJURY,Hackney,345,316,326,321,314,318,295,265,303,338,350,356,369,360,370,332,297,328,317,274,360,315,376,394
ARSON AND CRIMINAL DAMAGE,ARSON,Hammersmith and Fulham,2,7,9,4,4,3,1,0,3,7,3,8,6,4,6,3,1,3,0,2,2,2,1,2
ARSON AND CRIMINAL DAMAGE,CRIMINAL DAMAGE,Hammersmith and Fulham,78,119,106,104,89,84,106,90,88,86,110,119,117,111,84,92,101,82,88,80,107,82,112,105
BURGLARY,BURGLARY BUSINESS AND COMMUNITY,Hammersmith and Fulham,63,44,46,40,38,31,30,30,32,33,39,35,36,33,31,30,39,27,26,22,28,21,31,44
BURGLARY,RES BURGLARY OF A HOME,Hammersmith and Fulham,61,53,49,55,63,76,45,49,38,63,61,43,58,58,49,35,37,36,58,49,59,46,40,38
BURGLARY,RES BURGLARY OF UNCONNECTED BUILDING,Hammersmith and Fulham,10,18,15,19,20,20,16,14,10,15,18,21,26,17,20,22,22,12,27,18,16,8,20,21
DRUG OFFENCES,POSSESSION OF DRUGS,Hammersmith and Fulham,62,88,84,78,84,65,87,81,92,68,65,90,66,79,96,82,75,88,75,56,63,67,67,60
DRUG OFFENCES,TRAFFICKING OF DRUGS,Hammersmith and Fulham,26,26,42,47,30,48,27,23,25,60,66,40,41,21,31,45,37,28,24,20,27,22,19,22
FRAUD AND FORGERY,FRAUD AND FORGERY,Hammersmith and Fulham,0,1,0,1,0,0,0,0,0,0,0,0,1,0,0,0,1,0,0,0,0,1,0,0
MISCELLANEOUS CRIMES AGAINST SOCIETY,MISC CRIMES AGAINST SOCIETY,Hammersmith and Fulham,13,26,20,20,21,16,31,31,21,31,26,18,25,25,20,33,16,24,18,27,18,26,24,26
POSSESSION OF WEAPONS,POSSESSION OF WEAPONS,Hammersmith and Fulham,14,12,11,7,12,7,7,23,11,13,12,14,21,18,18,11,9,8,14,15,11,12,11,21
PUBLIC ORDER OFFENCES,OTHER OFFENCES PUBLIC ORDER,Hammersmith and Fulham,24,16,14,9,9,9,12,14,21,10,16,13,17,12,11,11,18,11,10,20,23,19,17,23
PUBLIC ORDER OFFENCES,"PUBLIC FEAR, ALARM OR DISTRESS",Hammersmith and Fulham,85,100,84,95,91,82,70,68,84,91,88,91,88,85,68,81,79,73,78,70,66,84,69,81
PUBLIC ORDER OFFENCES,RACE OR RELIGIOUS AGG PUBLIC FEAR,Hammersmith and Fulham,44,49,30,43,51,34,22,36,29,41,38,33,33,47,25,33,43,44,37,23,46,41,43,44
PUBLIC ORDER OFFENCES,VIOLENT DISORDER,Hammersmith and Fulham,0,0,0,0,2,0,0,0,0,0,2,0,0,0,0,0,0,0,0,0,0,0,1,0
ROBBERY,ROBBERY OF BUSINESS PROPERTY,Hammersmith and Fulham,10,12,13,21,25,16,14,11,10,13,14,26,29,26,24,21,21,17,31,15,17,16,13,17
ROBBERY,ROBBERY OF PERSONAL PROPERTY,Hammersmith and Fulham,28,45,32,46,40,31,29,40,27,35,46,34,38,29,30,33,23,30,21,23,15,20,32,32
SEXUAL OFFENCES,OTHER SEXUAL OFFENCES,Hammersmith and Fulham,36,41,34,37,41,41,32,26,31,27,55,47,40,44,31,41,35,28,47,45,37,33,51,43
SEXUAL OFFENCES,RAPE,Hammersmith and Fulham,18,18,12,37,17,20,19,25,25,17,25,18,18,28,13,19,23,20,21,28,19,15,10,17
THEFT,BICYCLE THEFT,Hammersmith and Fulham,72,70,75,58,67,37,24,37,35,40,57,59,56,56,68,80,46,27,31,26,34,48,55,53
THEFT,OTHER THEFT,Hammersmith and Fulham,209,193,192,205,197,209,215,166,188,203,214,210,184,184,213,222,209,220,212,170,168,190,184,178
THEFT,SHOPLIFTING,Hammersmith and Fulham,221,195,191,220,221,190,196,179,202,195,205,179,202,237,209,219,187,217,208,225,258,259,323,295
THEFT,THEFT FROM THE PERSON,Hammersmith and Fulham,119,94,89,111,161,131,146,94,98,96,86,80,73,70,61,75,80,88,72,74,72,49,76,71
VEHICLE OFFENCES,AGGRAVATED VEHICLE TAKING,Hammersmith and Fulham,1,1,1,1,1,0,0,0,1,0,1,0,0,1,0,1,2,0,1,0,0,0,1,0
VEHICLE OFFENCES,INTERFERING WITH A MOTOR VEHICLE,Hammersmith and Fulham,8,13,13,14,8,15,18,27,12,9,20,10,13,14,21,13,13,11,6,12,8,11,13,16
VEHICLE OFFENCES,THEFT FROM A VEHICLE,Hammersmith and Fulham,88,110,74,103,109,142,111,105,98,72,80,83,82,91,101,76,75,84,62,74,95,116,79,77
VEHICLE OFFENCES,THEFT OR UNAUTH TAKING OF A MOTOR VEH,Hammersmith and Fulham,46,51,56,51,42,46,63,51,49,55,49,58,48,36,48,36,43,38,33,40,57,51,30,38
VIOLENCE AGAINST THE PERSON,DEATH SERIOUS INJURY ILLEGAL DRIVING,Hammersmith and Fulham,0,1,1,0,0,0,0,0,1,0,0,1,1,2,1,0,0,0,0,0,0,2,1,0
VIOLENCE AGAINST THE PERSON,HOMICIDE,Hammersmith and Fulham,2,0,0,0,0,0,0,1,0,1,0,0,0,0,1,0,0,0,0,0,1,1,0,0
VIOLENCE AGAINST THE PERSON,STALKING AND HARASSMENT,Hammersmith and Fulham,94,102,96,108,88,79,101,94,107,103,116,101,135,110,105,137,119,140,114,100,103,121,126,129
VIOLENCE AGAINST THE PERSON,VIOLENCE WITH INJURY,Hammersmith and Fulham,169,160,163,155,121,118,129,118,170,135,157,127,145,125,115,117,110,115,118,105,104,115,124,132
VIOLENCE AGAINST THE PERSON,VIOLENCE WITHOUT INJURY,Hammersmith and Fulham,221,239,240,285,271,248,216,253,285,266,298,272,292,267,258,245,238,222,241,198,250,250,287,233
ARSON AND CRIMINAL DAMAGE,ARSON,Haringey,11,9,4,7,6,2,6,5,10,9,6,16,14,3,2,7,3,1,4,2,7,5,2,4
ARSON AND CRIMINAL DAMAGE,CRIMINAL DAMAGE,Haringey,152,140,149,124,125,131,107,134,125,132,148,155,149,163,117,128,137,128,112,101,113,116,166,120
BURGLARY,BURGLARY BUSINESS AND COMMUNITY,Haringey,44,36,50,40,46,57,33,30,48,31,32,24,32,35,21,32,25,17,35,32,25,29,36,32
BURGLARY,RES BURGLARY OF A HOME,Haringey,79,84,76,83,96,88,78,78,60,67,72,68,80,98,77,61,62,92,72,58,69,57,51,58
BURGLARY,RES BURGLARY OF UNCONNECTED BUILDING,Haringey,9,7,18,28,14,19,21,19,27,10,21,22,31,12,17,19,20,19,12,16,14,14,21,8
DRUG OFFENCES,POSSESSION OF DRUGS,Haringey,120,53,76,80,78,64,115,98,135,98,87,114,148,121,129,89,92,102,76,87,84,81,83,75
DRUG OFFENCES,TRAFFICKING OF DRUGS,Haringey,46,30,57,44,56,75,97,50,62,94,89,74,74,47,77,52,31,59,55,33,32,18,17,21
FRAUD AND FORGERY,FRAUD AND FORGERY,Haringey,1,1,1,0,0,0,0,1,0,0,0,0,0,0,0,1,0,0,0,0,0,0,0,0
MISCELLANEOUS CRIMES AGAINST SOCIETY,MISC CRIMES AGAINST SOCIETY,Haringey,16,30,18,26,32,18,28,28,46,25,31,32,29,37,37,25,23,19,26,17,28,26,42,23
POSSESSION OF WEAPONS,POSSESSION OF WEAPONS,Haringey,13,14,19,19,13,25,13,13,20,27,25,29,41,23,24,19,16,21,25,18,24,22,23,20
PUBLIC ORDER OFFENCES,OTHER OFFENCES PUBLIC ORDER,Haringey,19,21,18,14,13,19,16,17,19,13,20,26,37,17,20,20,26,18,13,16,22,23,31,41
PUBLIC ORDER OFFENCES,"PUBLIC FEAR, ALARM OR DISTRESS",Haringey,125,86,71,92,75,74,78,65,97,76,88,95,93,75,66,87,69,59,55,54,90,88,92,101
PUBLIC ORDER OFFENCES,RACE OR RELIGIOUS AGG PUBLIC FEAR,Haringey,35,41,34,42,45,37,31,31,43,40,31,42,48,39,48,31,52,34,21,22,47,52,41,48
PUBLIC ORDER OFFENCES,VIOLENT DISORDER,Haringey,0,0,0,0,0,0,0,0,0,0,0,1,0,0,0,0,1,0,1,0,0,0,2,0
ROBBERY,ROBBERY OF BUSINESS PROPERTY,Haringey,25,24,21,34,24,17,17,17,21,37,44,31,33,27,24,34,40,23,22,23,28,26,40,38
ROBBERY,ROBBERY OF PERSONAL PROPERTY,Haringey,96,84,94,110,71,97,85,86,82,91,109,98,76,79,75,90,78,83,65,62,81,61,76,76
SEXUAL OFFENCES,OTHER SEXUAL OFFENCES,Haringey,64,41,41,37,57,31,48,33,46,33,61,66,57,47,47,42,42,41,44,34,52,50,59,61
SEXUAL OFFENCES,RAPE,Haringey,37,14,35,35,39,29,42,33,35,29,35,35,34,24,24,31,35,29,41,24,23,22,50,46
THEFT,BICYCLE THEFT,Haringey,28,26,31,33,20,15,14,20,20,24,25,20,29,26,29,32,29,32,19,16,17,31,25,35
THEFT,OTHER THEFT,Haringey,276,263,212,220,219,203,182,177,178,208,261,219,214,211,175,204,253,215,207,170,181,204,191,223
THEFT,SHOPLIFTING,Haringey,237,246,253,309,270,203,242,228,217,212,325,260,306,313,234,259,244,201,230,215,215,280,229,275
THEFT,THEFT FROM THE PERSON,Haringey,252,230,200,233,246,255,183,188,241,215,253,248,226,222,183,174,178,160,108,146,151,183,149,178
VEHICLE OFFENCES,AGGRAVATED VEHICLE TAKING,Haringey,0,1,1,4,0,0,1,0,2,1,0,2,1,3,0,1,1,0,4,0,2,0,1,1
VEHICLE OFFENCES,INTERFERING WITH A MOTOR VEHICLE,Haringey,27,27,30,30,15,18,23,32,24,28,37,28,26,23,32,45,27,20,19,17,11,14,17,12
VEHICLE OFFENCES,THEFT FROM A VEHICLE,Haringey,182,155,155,214,128,109,117,144,139,123,151,170,217,196,185,209,203,137,121,95,119,140,148,122
VEHICLE OFFENCES,THEFT OR UNAUTH TAKING OF A MOTOR VEH,Haringey,102,103,107,110,81,78,125,111,106,99,95,81,98,96,88,65,95,56,86,71,75,102,86,96
VIOLENCE AGAINST THE PERSON,DEATH SERIOUS INJURY ILLEGAL DRIVING,Haringey,0,0,0,0,1,0,0,0,3,0,0,1,0,1,1,0,1,1,0,0,0,0,0,0
VIOLENCE AGAINST THE PERSON,HOMICIDE,Haringey,0,0,1,1,0,0,2,0,1,0,0,0,0,0,1,0,0,0,0,0,0,0,0,0
VIOLENCE AGAINST THE PERSON,STALKING AND HARASSMENT,Haringey,134,139,143,147,133,122,157,159,135,148,166,137,181,175,144,160,158,162,134,158,165,170,185,192
VIOLENCE AGAINST THE PERSON,VIOLENCE WITH INJURY,Haringey,200,216,167,175,175,159,154,127,166,155,198,167,211,182,144,160,176,168,141,149,162,168,195,178
VIOLENCE AGAINST THE PERSON,VIOLENCE WITHOUT INJURY,Haringey,308,305,292,309,299,320,272,256,327,322,309,368,348,300,315,328,340,317,331,279,414,338,380,360
ARSON AND CRIMINAL DAMAGE,ARSON,Harrow,2,2,1,0,2,2,1,1,4,2,2,5,1,1,4,1,2,1,2,2,1,5,0,2
ARSON AND CRIMINAL DAMAGE,CRIMINAL DAMAGE,Harrow,88,71,85,92,83,67,60,66,85,92,87,92,85,92,86,84,94,73,73,83,108,87,99,102
BURGLARY,BURGLARY BUSINESS AND COMMUNITY,Harrow,38,22,16,24,23,26,17,16,24,17,27,19,22,14,18,23,11,12,15,44,24,15,16,16
BURGLARY,RES BURGLARY OF A HOME,Harrow,43,34,64,65,80,80,73,97,87,47,51,45,40,58,73,86,97,91,120,97,58,43,49,42
BURGLARY,RES BURGLARY OF UNCONNECTED BUILDING,Harrow,13,7,23,15,7,15,12,8,7,3,7,8,6,9,6,15,16,3,19,15,15,14,19,20
DRUG OFFENCES,POSSESSION OF DRUGS,Harrow,23,29,47,57,50,38,37,69,39,54,45,21,38,49,48,57,61,41,37,36,42,42,51,59
DRUG OFFENCES,TRAFFICKING OF DRUGS,Harrow,8,10,23,18,23,10,23,18,23,36,32,28,25,14,36,50,81,42,46,26,14,33,7,15
FRAUD AND FORGERY,FRAUD AND FORGERY,Harrow,0,0,1,1,0,0,0,0,1,0,0,0,0,0,0,1,0,0,0,0,0,0,0,0
MISCELLANEOUS CRIMES AGAINST SOCIETY,MISC CRIMES AGAINST SOCIETY,Harrow,19,18,17,25,14,20,21,18,15,27,22,18,16,16,15,29,22,13,22,17,22,20,22,19
POSSESSION OF WEAPONS,POSSESSION OF WEAPONS,Harrow,5,4,9,9,5,10,4,14,3,15,12,12,6,9,6,13,8,9,14,5,8,6,10,6
PUBLIC ORDER OFFENCES,OTHER OFFENCES PUBLIC ORDER,Harrow,13,11,15,9,8,9,8,13,7,7,14,11,18,11,14,18,11,16,11,13,9,15,19,22
PUBLIC ORDER OFFENCES,"PUBLIC FEAR, ALARM OR DISTRESS",Harrow,61,53,64,60,47,45,37,33,40,47,56,49,48,42,46,52,48,52,50,43,41,38,50,59
PUBLIC ORDER OFFENCES,RACE OR RELIGIOUS AGG PUBLIC FEAR,Harrow,21,24,19,17,10,21,17,14,12,18,19,18,21,22,18,38,22,17,24,21,15,18,27,20
PUBLIC ORDER OFFENCES,VIOLENT DISORDER,Harrow,0,0,0,0,0,0,1,0,0,0,0,0,1,0,0,0,0,0,0,0,0,0,0,0
ROBBERY,ROBBERY OF BUSINESS PROPERTY,Harrow,11,27,8,13,12,14,10,13,11,10,16,10,26,16,19,21,11,16,11,16,16,14,11,11
ROBBERY,ROBBERY OF PERSONAL PROPERTY,Harrow,27,24,30,37,30,31,32,42,23,29,34,39,37,32,43,38,27,23,25,31,31,36,42,49
SEXUAL OFFENCES,OTHER SEXUAL OFFENCES,Harrow,25,27,30,24,30,24,23,29,27,26,24,21,39,28,23,21,23,25,17,27,34,23,26,24
SEXUAL OFFENCES,RAPE,Harrow,17,11,9,22,13,21,11,17,11,13,13,19,11,15,20,10,25,8,9,15,13,23,19,14
THEFT,BICYCLE THEFT,Harrow,9,20,20,13,9,2,3,8,6,3,14,12,20,7,12,12,8,8,7,5,8,16,2,8
THEFT,OTHER THEFT,Harrow,155,145,110,131,138,147,138,95,125,102,123,124,128,132,122,130,122,115,96,117,105,117,129,129
THEFT,SHOPLIFTING,Harrow,166,203,201,221,204,127,131,129,143,90,140,134,158,157,129,135,120,142,113,119,145,145,147,156
THEFT,THEFT FROM THE PERSON,Harrow,64,60,59,99,111,120,158,66,90,97,123,104,107,100,87,68,76,63,70,69,98,100,73,83
VEHICLE OFFENCES,AGGRAVATED VEHICLE TAKING,Harrow,1,2,2,1,2,0,1,2,1,0,0,3,0,1,1,1,0,1,0,1,1,1,0,0
VEHICLE OFFENCES,INTERFERING WITH A MOTOR VEHICLE,Harrow,22,30,27,24,27,20,15,21,19,33,14,20,13,19,28,26,21,9,22,17,24,15,15,15
VEHICLE OFFENCES,THEFT FROM A VEHICLE,Harrow,108,77,96,111,95,107,74,71,70,68,81,85,85,88,80,82,70,66,78,71,65,85,75,79
VEHICLE OFFENCES,THEFT OR UNAUTH TAKING OF A MOTOR VEH,Harrow,50,70,79,71,63,28,51,42,48,70,51,66,72,57,51,59,64,61,69,69,70,79,96,56
VIOLENCE AGAINST THE PERSON,DEATH SERIOUS INJURY ILLEGAL DRIVING,Harrow,0,0,0,0,0,0,1,0,0,0,0,1,0,0,0,0,1,1,2,0,2,0,0,0
VIOLENCE AGAINST THE PERSON,HOMICIDE,Harrow,0,0,0,1,0,0,0,0,0,0,0,0,0,0,0,0,0,0,0,0,0,0,0,0
VIOLENCE AGAINST THE PERSON,STALKING AND HARASSMENT,Harrow,98,112,113,100,101,85,95,86,91,97,108,134,106,100,105,112,124,108,97,111,138,110,116,126
VIOLENCE AGAINST THE PERSON,VIOLENCE WITH INJURY,Harrow,100,102,103,107,80,133,101,87,103,91,93,119,109,119,100,103,91,83,107,108,113,98,104,105
VIOLENCE AGAINST THE PERSON,VIOLENCE WITHOUT INJURY,Harrow,215,190,225,237,214,227,168,190,207,207,225,226,225,193,221,226,208,194,205,200,223,246,237,240
ARSON AND CRIMINAL DAMAGE,ARSON,Havering,7,14,8,1,2,3,2,6,1,2,7,2,1,4,5,2,3,7,5,8,5,19,9,4
ARSON AND CRIMINAL DAMAGE,CRIMINAL DAMAGE,Havering,157,150,108,110,139,82,85,100,113,112,106,123,119,120,127,111,125,119,112,109,120,120,140,136
BURGLARY,BURGLARY BUSINESS AND COMMUNITY,Havering,29,37,26,28,25,31,30,18,17,21,39,25,14,32,25,23,21,16,18,20,18,18,24,16
BURGLARY,RES BURGLARY OF A HOME,Havering,39,58,64,63,76,50,58,33,33,38,42,28,36,44,39,46,58,70,28,44,36,38,40,34
BURGLARY,RES BURGLARY OF UNCONNECTED BUILDING,Havering,14,8,17,16,10,9,4,5,7,14,8,13,13,10,7,14,12,5,8,8,8,7,10,11
DRUG OFFENCES,POSSESSION OF DRUGS,Havering,48,51,49,76,77,53,49,52,71,62,59,82,72,73,62,79,50,71,71,78,66,74,56,77
DRUG OFFENCES,TRAFFICKING OF DRUGS,Havering,38,20,31,59,58,52,40,31,37,38,68,65,87,55,42,21,33,41,36,41,38,23,28,10
FRAUD AND FORGERY,FRAUD AND FORGERY,Havering,0,0,0,0,0,0,0,0,0,0,0,0,0,0,0,0,0,0,0,0,1,0,0,0
MISCELLANEOUS CRIMES AGAINST SOCIETY,MISC CRIMES AGAINST SOCIETY,Havering,23,35,41,21,34,27,15,31,23,28,28,37,25,36,24,25,13,31,29,28,26,27,34,35
POSSESSION OF WEAPONS,POSSESSION OF WEAPONS,Havering,8,17,9,15,13,15,4,10,8,10,15,10,9,9,16,21,18,17,22,17,15,16,22,12
PUBLIC ORDER OFFENCES,OTHER OFFENCES PUBLIC ORDER,Havering,20,12,13,10,17,16,16,13,12,9,22,23,18,25,13,15,18,15,17,17,24,22,16,23
PUBLIC ORDER OFFENCES,"PUBLIC FEAR, ALARM OR DISTRESS",Havering,92,64,57,74,83,63,70,44,68,63,62,74,81,73,61,71,53,65,64,65,55,69,58,86
PUBLIC ORDER OFFENCES,RACE OR RELIGIOUS AGG PUBLIC FEAR,Havering,25,40,30,38,31,12,21,17,22,22,24,24,42,34,26,22,16,12,26,16,17,17,30,27
PUBLIC ORDER OFFENCES,VIOLENT DISORDER,Havering,0,0,0,0,0,0,0,0,2,0,0,0,0,0,0,0,0,1,0,1,0,0,0,0
ROBBERY,ROBBERY OF BUSINESS PROPERTY,Havering,13,10,9,17,23,13,15,11,18,14,18,24,30,28,25,15,29,20,10,17,25,16,21,14
ROBBERY,ROBBERY OF PERSONAL PROPERTY,Havering,30,27,29,24,20,41,39,45,37,40,28,23,37,26,33,29,36,39,32,25,43,34,17,23
SEXUAL OFFENCES,OTHER SEXUAL OFFENCES,Havering,32,27,49,41,38,36,33,25,48,32,38,31,39,41,40,31,26,26,28,28,40,35,32,43
SEXUAL OFFENCES,RAPE,Havering,17,14,18,17,18,13,17,15,10,14,19,26,13,14,9,17,17,11,17,14,15,19,10,21
THEFT,BICYCLE THEFT,Havering,20,15,7,9,17,4,5,2,12,8,15,13,17,8,2,11,10,6,7,11,6,7,9,8
THEFT,OTHER THEFT,Havering,170,180,132,139,145,131,120,109,104,136,142,156,133,119,139,134,108,140,123,129,116,118,136,141
THEFT,SHOPLIFTING,Havering,235,162,172,222,216,171,195,190,196,203,231,200,212,219,186,175,155,174,140,142,213,200,200,229
THEFT,THEFT FROM THE PERSON,Havering,57,25,47,45,39,49,46,44,50,31,36,20,30,26,42,39,41,39,35,35,35,33,41,35
VEHICLE OFFENCES,AGGRAVATED VEHICLE TAKING,Havering,1,4,7,2,0,0,0,3,2,3,1,1,2,5,3,2,2,0,2,1,0,1,0,0
VEHICLE OFFENCES,INTERFERING WITH A MOTOR VEHICLE,Havering,44,38,28,24,27,11,24,21,17,36,21,29,28,16,27,20,16,26,30,20,17,16,26,26
VEHICLE OFFENCES,THEFT FROM A VEHICLE,Havering,89,96,83,74,91,65,71,84,78,66,71,51,67,58,72,58,76,68,88,70,70,71,111,118
VEHICLE OFFENCES,THEFT OR UNAUTH TAKING OF A MOTOR VEH,Havering,79,97,82,75,99,75,86,85,107,105,104,117,95,84,69,80,92,79,104,73,95,104,84,86
VIOLENCE AGAINST THE PERSON,DEATH SERIOUS INJURY ILLEGAL DRIVING,Havering,1,0,0,0,0,0,1,1,2,0,0,0,0,0,0,0,0,0,0,1,0,0,2,2
VIOLENCE AGAINST THE PERSON,HOMICIDE,Havering,0,0,0,0,0,0,0,0,0,0,0,0,1,0,0,1,0,0,0,0,0,0,0,0
VIOLENCE AGAINST THE PERSON,STALKING AND HARASSMENT,Havering,148,166,142,140,115,117,114,108,164,131,145,145,171,138,134,148,160,153,137,161,158,149,167,183
VIOLENCE AGAINST THE PERSON,VIOLENCE WITH INJURY,Havering,149,155,120,120,131,147,118,95,160,136,144,158,164,142,113,116,142,140,128,124,152,148,151,169
VIOLENCE AGAINST THE PERSON,VIOLENCE WITHOUT INJURY,Havering,241,219,229,232,211,204,259,170,247,227,213,277,254,245,236,262,232,235,216,184,241,232,238,269
ARSON AND CRIMINAL DAMAGE,ARSON,Hillingdon,8,41,9,6,18,8,13,7,6,9,8,11,11,10,2,4,9,6,4,1,5,6,4,5
ARSON AND CRIMINAL DAMAGE,CRIMINAL DAMAGE,Hillingdon,286,234,197,182,208,176,224,159,194,180,167,177,187,161,170,161,154,166,155,153,161,159,191,170
BURGLARY,BURGLARY BUSINESS AND COMMUNITY,Hillingdon,39,54,36,40,26,33,29,39,38,34,40,31,36,31,41,40,35,26,39,31,38,33,34,20
BURGLARY,RES BURGLARY OF A HOME,Hillingdon,60,57,53,85,71,66,96,102,96,34,42,42,44,49,58,84,78,76,138,81,36,63,52,41
BURGLARY,RES BURGLARY OF UNCONNECTED BUILDING,Hillingdon,20,26,21,26,22,24,29,18,15,18,11,13,14,23,19,13,16,17,16,18,28,21,21,23
DRUG OFFENCES,POSSESSION OF DRUGS,Hillingdon,60,54,63,59,66,52,71,50,41,65,63,57,82,74,70,62,86,58,85,65,65,93,83,68
DRUG OFFENCES,TRAFFICKING OF DRUGS,Hillingdon,28,30,46,38,38,43,42,52,41,68,82,49,90,40,70,83,141,65,45,18,30,41,30,14
FRAUD AND FORGERY,FRAUD AND FORGERY,Hillingdon,0,0,0,0,0,0,0,0,0,0,0,0,0,0,0,0,1,0,0,0,0,0,0,0
MISCELLANEOUS CRIMES AGAINST SOCIETY,MISC CRIMES AGAINST SOCIETY,Hillingdon,159,165,180,172,147,129,157,93,162,128,135,180,183,216,164,181,158,134,154,148,189,194,195,212
POSSESSION OF WEAPONS,POSSESSION OF WEAPONS,Hillingdon,8,15,16,17,22,6,20,11,16,32,13,11,20,12,11,14,15,15,20,16,20,16,33,18
PUBLIC ORDER OFFENCES,OTHER OFFENCES PUBLIC ORDER,Hillingdon,17,31,22,25,22,23,16,20,22,30,25,25,37,23,30,33,31,26,33,24,36,25,30,38
PUBLIC ORDER OFFENCES,"PUBLIC FEAR, ALARM OR DISTRESS",Hillingdon,134,123,97,113,107,86,107,91,99,111,99,114,142,91,97,93,86,91,78,66,103,85,129,120
PUBLIC ORDER OFFENCES,RACE OR RELIGIOUS AGG PUBLIC FEAR,Hillingdon,37,34,47,44,39,36,38,38,33,45,45,54,43,70,53,49,31,26,25,34,39,35,34,46
PUBLIC ORDER OFFENCES,VIOLENT DISORDER,Hillingdon,0,0,1,0,0,1,0,0,0,0,2,0,0,2,1,0,0,0,0,1,0,0,0,1
ROBBERY,ROBBERY OF BUSINESS PROPERTY,Hillingdon,41,23,19,21,23,30,19,14,11,17,25,18,26,32,31,24,21,18,19,26,14,26,33,28
ROBBERY,ROBBERY OF PERSONAL PROPERTY,Hillingdon,29,59,31,50,42,36,49,43,34,36,48,44,40,40,42,32,43,41,31,24,41,36,35,45
SEXUAL OFFENCES,OTHER SEXUAL OFFENCES,Hillingdon,58,48,50,51,37,36,33,54,58,53,51,51,68,60,63,54,55,45,61,41,44,42,50,55
SEXUAL OFFENCES,RAPE,Hillingdon,31,18,23,25,23,20,18,27,32,31,15,32,29,20,19,27,26,33,31,31,38,24,26,33
THEFT,BICYCLE THEFT,Hillingdon,24,23,23,22,27,11,12,16,23,21,22,19,21,27,26,44,18,18,11,13,12,22,25,24
THEFT,OTHER THEFT,Hillingdon,331,345,300,312,309,272,312,240,277,249,282,267,303,291,258,290,300,298,279,252,277,259,246,272
THEFT,SHOPLIFTING,Hillingdon,269,303,250,303,277,221,249,235,208,221,222,237,290,316,305,278,288,265,266,219,240,273,283,333
THEFT,THEFT FROM THE PERSON,Hillingdon,76,71,65,96,96,104,111,91,94,94,82,120,112,72,82,97,98,87,88,79,97,80,61,66
VEHICLE OFFENCES,AGGRAVATED VEHICLE TAKING,Hillingdon,2,1,1,1,3,0,2,2,1,0,0,6,2,0,2,1,2,0,3,1,0,1,2,2
VEHICLE OFFENCES,INTERFERING WITH A MOTOR VEHICLE,Hillingdon,45,38,30,40,35,35,34,38,40,35,33,28,34,44,50,46,54,18,40,25,48,39,42,30
VEHICLE OFFENCES,THEFT FROM A VEHICLE,Hillingdon,212,158,136,167,189,207,194,152,152,154,180,139,151,197,171,167,184,170,172,166,159,169,136,164
VEHICLE OFFENCES,THEFT OR UNAUTH TAKING OF A MOTOR VEH,Hillingdon,94,81,66,89,88,73,79,110,107,80,115,111,86,94,101,73,104,95,110,111,126,95,85,76
VIOLENCE AGAINST THE PERSON,DEATH SERIOUS INJURY ILLEGAL DRIVING,Hillingdon,0,0,0,0,0,0,0,0,0,4,0,0,0,0,1,1,1,2,0,3,0,0,0,0
VIOLENCE AGAINST THE PERSON,HOMICIDE,Hillingdon,0,0,0,0,0,0,0,1,0,0,0,0,0,0,1,3,0,0,0,0,0,0,0,0
VIOLENCE AGAINST THE PERSON,STALKING AND HARASSMENT,Hillingdon,141,162,137,151,149,157,149,173,166,176,196,173,209,199,164,174,168,145,183,181,185,147,203,209
VIOLENCE AGAINST THE PERSON,VIOLENCE WITH INJURY,Hillingdon,200,173,141,165,174,181,139,157,170,181,216,214,214,159,193,167,156,184,169,184,202,164,207,211
VIOLENCE AGAINST THE PERSON,VIOLENCE WITHOUT INJURY,Hillingdon,393,386,322,337,351,364,318,374,374,384,386,419,416,347,388,365,339,416,385,341,342,370,418,419
ARSON AND CRIMINAL DAMAGE,ARSON,Hounslow,9,20,10,3,12,4,6,6,7,8,10,9,8,6,8,7,1,4,3,3,6,5,11,7
ARSON AND CRIMINAL DAMAGE,CRIMINAL DAMAGE,Hounslow,193,160,137,152,150,123,148,151,165,159,138,186,181,168,190,167,168,129,168,137,128,161,123,169
BURGLARY,BURGLARY BUSINESS AND COMMUNITY,Hounslow,39,31,36,26,23,45,35,37,22,26,35,23,28,48,34,34,42,27,27,30,34,35,32,30
BURGLARY,RES BURGLARY OF A HOME,Hounslow,51,41,37,90,71,67,58,45,44,35,43,45,53,47,57,58,68,52,98,107,59,48,52,33
BURGLARY,RES BURGLARY OF UNCONNECTED BUILDING,Hounslow,16,21,14,27,28,43,14,23,22,17,27,18,37,29,31,26,26,26,31,17,34,30,31,21
DRUG OFFENCES,POSSESSION OF DRUGS,Hounslow,42,47,54,44,58,41,44,63,49,66,67,75,74,82,70,81,79,59,71,76,67,77,87,73
DRUG OFFENCES,TRAFFICKING OF DRUGS,Hounslow,62,49,69,46,58,33,46,39,31,68,98,56,50,33,35,52,43,55,43,41,34,24,19,17
FRAUD AND FORGERY,FRAUD AND FORGERY,Hounslow,0,0,0,0,0,0,0,0,0,0,0,0,0,0,0,0,0,0,0,0,1,0,0,1
MISCELLANEOUS CRIMES AGAINST SOCIETY,MISC CRIMES AGAINST SOCIETY,Hounslow,30,27,30,25,40,39,29,24,27,37,36,27,54,24,23,34,35,31,32,39,30,31,39,45
POSSESSION OF WEAPONS,POSSESSION OF WEAPONS,Hounslow,10,12,10,19,11,8,6,11,16,15,15,23,26,15,6,12,21,22,18,20,10,15,21,21
PUBLIC ORDER OFFENCES,OTHER OFFENCES PUBLIC ORDER,Hounslow,23,12,22,20,21,22,27,17,23,20,17,33,32,29,26,26,35,32,26,21,31,24,38,29
PUBLIC ORDER OFFENCES,"PUBLIC FEAR, ALARM OR DISTRESS",Hounslow,115,100,105,78,86,88,93,77,110,88,131,119,103,112,112,119,93,91,85,80,101,119,94,113
PUBLIC ORDER OFFENCES,RACE OR RELIGIOUS AGG PUBLIC FEAR,Hounslow,50,49,25,35,31,26,28,33,31,40,31,43,41,42,31,54,31,20,36,23,28,29,40,47
PUBLIC ORDER OFFENCES,VIOLENT DISORDER,Hounslow,0,0,0,0,0,0,0,0,0,0,0,0,0,1,1,0,0,0,1,0,0,0,1,0
ROBBERY,ROBBERY OF BUSINESS PROPERTY,Hounslow,23,27,17,22,15,15,13,9,10,17,24,16,27,24,24,27,12,22,17,16,22,23,18,16
ROBBERY,ROBBERY OF PERSONAL PROPERTY,Hounslow,44,37,43,35,31,44,44,36,27,38,47,41,34,39,32,28,23,26,38,23,32,40,39,40
SEXUAL OFFENCES,OTHER SEXUAL OFFENCES,Hounslow,54,42,53,39,43,44,40,33,39,37,33,62,45,42,44,42,40,46,44,46,38,54,44,44
SEXUAL OFFENCES,RAPE,Hounslow,17,14,25,30,14,22,25,19,9,19,41,27,25,23,24,31,26,22,16,14,22,26,26,25
THEFT,BICYCLE THEFT,Hounslow,41,42,47,48,49,40,20,20,40,69,37,37,53,36,56,38,43,28,23,24,25,28,35,48
THEFT,OTHER THEFT,Hounslow,253,205,194,193,207,231,183,174,154,191,192,215,180,201,196,218,195,212,189,155,192,188,177,225
THEFT,SHOPLIFTING,Hounslow,275,312,234,290,222,223,209,177,187,187,308,329,333,288,175,216,200,177,216,204,237,252,217,229
THEFT,THEFT FROM THE PERSON,Hounslow,122,86,96,101,139,81,86,90,93,70,59,62,91,87,102,58,72,72,90,80,79,69,74,54
VEHICLE OFFENCES,AGGRAVATED VEHICLE TAKING,Hounslow,2,3,1,2,1,1,1,1,0,1,0,2,3,1,2,0,1,0,0,3,0,1,0,2
VEHICLE OFFENCES,INTERFERING WITH A MOTOR VEHICLE,Hounslow,37,29,33,26,25,29,29,34,34,16,25,30,28,24,17,26,30,27,12,21,20,21,35,25
VEHICLE OFFENCES,THEFT FROM A VEHICLE,Hounslow,153,156,133,175,200,184,191,204,182,103,171,175,184,139,147,126,143,126,107,122,136,153,132,122
VEHICLE OFFENCES,THEFT OR UNAUTH TAKING OF A MOTOR VEH,Hounslow,84,90,68,93,66,74,50,60,73,81,84,69,72,54,89,78,71,53,68,63,79,81,79,50
VIOLENCE AGAINST THE PERSON,DEATH SERIOUS INJURY ILLEGAL DRIVING,Hounslow,0,0,1,1,0,1,1,1,0,0,0,3,0,0,0,2,0,0,1,0,1,0,0,0
VIOLENCE AGAINST THE PERSON,HOMICIDE,Hounslow,0,0,0,0,0,0,0,0,0,0,0,1,0,0,0,0,0,0,1,0,1,0,1,1
VIOLENCE AGAINST THE PERSON,STALKING AND HARASSMENT,Hounslow,195,169,146,194,161,161,182,139,175,178,157,180,162,147,152,206,182,180,180,171,192,170,189,241
VIOLENCE AGAINST THE PERSON,VIOLENCE WITH INJURY,Hounslow,218,174,198,176,172,173,182,136,168,186,205,187,228,198,203,163,202,170,174,142,189,192,220,203
VIOLENCE AGAINST THE PERSON,VIOLENCE WITHOUT INJURY,Hounslow,391,300,356,351,362,358,324,319,364,355,364,416,430,378,348,395,392,341,391,321,385,360,443,447
ARSON AND CRIMINAL DAMAGE,ARSON,Islington,2,3,9,8,7,3,10,4,7,5,10,5,2,5,1,4,7,3,10,3,6,1,11,1
ARSON AND CRIMINAL DAMAGE,CRIMINAL DAMAGE,Islington,129,145,153,124,105,129,141,141,172,142,127,133,149,122,119,153,123,93,111,103,143,104,149,147
BURGLARY,BURGLARY BUSINESS AND COMMUNITY,Islington,70,84,72,72,69,61,40,37,63,60,65,55,60,48,61,53,44,49,40,55,46,50,33,48
BURGLARY,RES BURGLARY OF A HOME,Islington,68,52,60,51,67,46,52,48,58,60,56,48,69,47,55,62,63,51,52,45,40,57,41,60
BURGLARY,RES BURGLARY OF UNCONNECTED BUILDING,Islington,25,33,33,29,24,46,47,27,29,29,34,47,33,17,34,36,30,23,27,30,24,20,17,30
DRUG OFFENCES,POSSESSION OF DRUGS,Islington,58,44,62,53,54,64,93,74,64,77,74,57,85,82,58,75,82,90,73,81,98,84,78,80
DRUG OFFENCES,TRAFFICKING OF DRUGS,Islington,38,38,71,59,48,76,59,52,71,141,188,113,111,69,82,99,88,76,96,46,54,37,22,38
FRAUD AND FORGERY,FRAUD AND FORGERY,Islington,0,0,0,0,0,0,0,0,1,0,0,0,0,0,0,0,0,0,0,0,0,0,0,0
MISCELLANEOUS CRIMES AGAINST SOCIETY,MISC CRIMES AGAINST SOCIETY,Islington,27,23,24,16,18,15,34,22,26,31,19,34,24,23,14,31,24,32,34,25,24,25,30,25
POSSESSION OF WEAPONS,POSSESSION OF WEAPONS,Islington,17,11,17,14,14,14,9,17,18,18,19,16,18,23,24,20,22,11,18,24,32,22,24,20
PUBLIC ORDER OFFENCES,OTHER OFFENCES PUBLIC ORDER,Islington,21,30,15,22,26,22,27,22,29,24,38,20,36,36,29,28,25,19,28,21,26,34,34,52
PUBLIC ORDER OFFENCES,"PUBLIC FEAR, ALARM OR DISTRESS",Islington,117,95,93,123,102,82,112,101,97,95,107,132,113,104,110,109,107,90,99,82,106,111,119,134
PUBLIC ORDER OFFENCES,RACE OR RELIGIOUS AGG PUBLIC FEAR,Islington,45,46,35,40,30,52,35,37,36,41,56,42,48,47,55,53,31,41,37,39,49,30,49,34
PUBLIC ORDER OFFENCES,VIOLENT DISORDER,Islington,0,0,0,0,1,0,0,0,0,1,0,0,0,0,0,1,0,2,0,0,0,0,1,3
ROBBERY,ROBBERY OF BUSINESS PROPERTY,Islington,25,36,25,28,25,21,19,22,20,11,35,37,39,26,35,25,34,34,41,29,50,37,34,35
ROBBERY,ROBBERY OF PERSONAL PROPERTY,Islington,68,68,70,81,93,109,78,57,110,88,102,81,70,83,96,71,61,63,67,53,73,72,92,100
SEXUAL OFFENCES,OTHER SEXUAL OFFENCES,Islington,48,32,42,42,45,38,47,34,38,33,45,39,47,37,42,40,54,36,39,42,40,49,49,57
SEXUAL OFFENCES,RAPE,Islington,19,34,17,12,19,19,31,25,23,22,17,15,28,21,20,21,21,18,18,25,22,16,36,30
THEFT,BICYCLE THEFT,Islington,76,89,103,106,88,57,70,60,75,68,80,79,75,55,83,71,76,55,69,44,63,54,87,81
THEFT,OTHER THEFT,Islington,348,321,333,381,351,325,319,281,238,332,370,332,343,279,373,343,377,383,277,256,257,277,303,338
THEFT,SHOPLIFTING,Islington,335,367,341,317,311,245,303,261,307,240,308,267,293,269,298,274,277,301,278,272,345,487,460,435
THEFT,THEFT FROM THE PERSON,Islington,349,283,325,365,405,354,313,314,352,412,366,345,282,381,242,188,236,234,239,271,287,292,427,364
VEHICLE OFFENCES,AGGRAVATED VEHICLE TAKING,Islington,0,0,2,1,2,2,1,1,0,0,1,0,0,1,0,0,0,1,1,0,0,0,1,0
VEHICLE OFFENCES,INTERFERING WITH A MOTOR VEHICLE,Islington,16,21,17,18,27,21,20,23,29,30,17,16,11,11,20,11,13,11,17,9,8,15,5,12
VEHICLE OFFENCES,THEFT FROM A VEHICLE,Islington,142,150,169,196,111,141,163,147,193,136,124,87,98,107,118,115,86,104,87,81,104,106,107,78
VEHICLE OFFENCES,THEFT OR UNAUTH TAKING OF A MOTOR VEH,Islington,37,61,49,47,48,35,48,31,65,50,51,45,43,42,43,30,36,30,42,44,36,26,25,43
VIOLENCE AGAINST THE PERSON,DEATH SERIOUS INJURY ILLEGAL DRIVING,Islington,0,0,2,1,0,1,0,0,0,0,0,1,4,0,0,0,1,0,1,0,0,1,2,1
VIOLENCE AGAINST THE PERSON,HOMICIDE,Islington,1,0,0,1,0,0,0,1,0,0,0,0,0,0,0,0,0,1,0,0,0,0,0,0
VIOLENCE AGAINST THE PERSON,STALKING AND HARASSMENT,Islington,119,119,127,118,130,126,136,139,144,119,148,142,166,169,152,181,170,155,170,186,194,168,164,183
VIOLENCE AGAINST THE PERSON,VIOLENCE WITH INJURY,Islington,159,162,153,158,153,154,152,132,148,160,168,174,178,162,156,156,184,127,153,154,181,166,190,193
VIOLENCE AGAINST THE PERSON,VIOLENCE WITHOUT INJURY,Islington,274,253,277,303,275,289,282,227,313,258,253,295,281,261,278,336,277,278,270,264,285,291,364,352
ARSON AND CRIMINAL DAMAGE,ARSON,Kensington and Chelsea,4,2,2,0,2,1,5,1,4,4,5,1,0,2,3,0,1,2,1,2,1,2,0,2
ARSON AND CRIMINAL DAMAGE,CRIMINAL DAMAGE,Kensington and Chelsea,81,110,80,102,95,104,72,96,93,71,91,106,104,108,78,90,86,97,70,68,73,65,86,110
BURGLARY,BURGLARY BUSINESS AND COMMUNITY,Kensington and Chelsea,56,55,47,58,38,37,34,38,29,48,40,42,40,29,36,61,39,33,39,27,27,32,20,29
BURGLARY,RES BURGLARY OF A HOME,Kensington and Chelsea,56,56,61,60,64,79,64,47,57,44,55,43,54,45,42,60,45,49,71,38,51,39,52,44
BURGLARY,RES BURGLARY OF UNCONNECTED BUILDING,Kensington and Chelsea,19,6,19,22,20,31,24,9,16,8,12,15,15,10,20,26,21,23,11,14,13,17,20,25
DRUG OFFENCES,POSSESSION OF DRUGS,Kensington and Chelsea,28,276,43,48,41,30,35,35,34,41,30,25,44,404,39,65,50,34,36,24,24,30,43,39
DRUG OFFENCES,TRAFFICKING OF DRUGS,Kensington and Chelsea,9,20,41,31,27,19,23,14,25,26,41,44,43,33,23,64,24,33,39,21,14,12,11,14
FRAUD AND FORGERY,FRAUD AND FORGERY,Kensington and Chelsea,0,1,0,0,0,0,0,0,0,0,0,0,0,0,0,0,0,0,0,0,0,0,0,0
MISCELLANEOUS CRIMES AGAINST SOCIETY,MISC CRIMES AGAINST SOCIETY,Kensington and Chelsea,12,22,13,13,16,12,15,20,18,12,7,21,9,18,14,14,9,13,22,9,16,13,19,20
POSSESSION OF WEAPONS,POSSESSION OF WEAPONS,Kensington and Chelsea,6,44,11,9,7,7,7,10,9,11,12,16,17,42,8,6,11,4,8,6,10,12,8,8
PUBLIC ORDER OFFENCES,OTHER OFFENCES PUBLIC ORDER,Kensington and Chelsea,11,20,6,7,12,11,11,8,9,15,8,15,17,26,7,9,13,6,9,4,13,13,8,10
PUBLIC ORDER OFFENCES,"PUBLIC FEAR, ALARM OR DISTRESS",Kensington and Chelsea,67,70,61,70,65,59,45,60,64,73,66,76,74,91,75,53,62,64,45,50,51,81,63,64
PUBLIC ORDER OFFENCES,RACE OR RELIGIOUS AGG PUBLIC FEAR,Kensington and Chelsea,33,28,23,24,27,21,30,17,20,33,31,27,31,45,17,39,21,27,21,28,31,32,39,32
PUBLIC ORDER OFFENCES,VIOLENT DISORDER,Kensington and Chelsea,0,1,0,0,0,0,0,0,0,0,0,0,0,1,0,0,0,1,0,0,1,0,0,0
ROBBERY,ROBBERY OF BUSINESS PROPERTY,Kensington and Chelsea,19,13,11,16,9,16,17,8,8,19,15,15,16,19,16,20,20,13,15,16,10,22,7,17
ROBBERY,ROBBERY OF PERSONAL PROPERTY,Kensington and Chelsea,43,56,43,44,64,52,46,52,42,46,53,52,27,41,33,54,28,29,24,28,25,17,18,30
SEXUAL OFFENCES,OTHER SEXUAL OFFENCES,Kensington and Chelsea,31,45,38,45,51,32,22,30,25,31,26,40,34,59,28,28,32,23,28,21,27,29,26,26
SEXUAL OFFENCES,RAPE,Kensington and Chelsea,16,24,26,24,21,22,16,20,20,15,29,24,20,20,16,13,15,19,20,16,20,17,15,21
THEFT,BICYCLE THEFT,Kensington and Chelsea,35,40,61,31,35,18,22,19,17,33,37,38,45,23,36,35,19,19,21,25,26,33,31,31
THEFT,OTHER THEFT,Kensington and Chelsea,310,374,266,333,307,267,221,233,245,229,267,289,255,294,238,243,255,268,234,222,287,236,241,253
THEFT,SHOPLIFTING,Kensington and Chelsea,269,212,217,266,206,259,226,205,251,243,298,334,386,358,323,271,291,265,270,244,272,280,266,332
THEFT,THEFT FROM THE PERSON,Kensington and Chelsea,169,336,191,240,273,238,231,175,216,200,166,180,155,327,115,148,176,158,155,127,124,106,125,98
VEHICLE OFFENCES,AGGRAVATED VEHICLE TAKING,Kensington and Chelsea,0,0,0,1,0,0,0,0,0,1,0,0,0,0,1,0,0,2,1,0,0,2,0,0
VEHICLE OFFENCES,INTERFERING WITH A MOTOR VEHICLE,Kensington and Chelsea,10,5,7,11,20,18,20,19,15,14,15,10,13,17,12,18,16,10,7,11,11,6,10,15
VEHICLE OFFENCES,THEFT FROM A VEHICLE,Kensington and Chelsea,103,118,125,166,199,191,193,242,197,130,135,141,137,153,137,176,154,143,125,114,108,92,99,81
VEHICLE OFFENCES,THEFT OR UNAUTH TAKING OF A MOTOR VEH,Kensington and Chelsea,43,36,39,46,50,36,36,32,35,38,48,44,53,38,35,39,31,27,37,40,50,43,55,44
VIOLENCE AGAINST THE PERSON,DEATH SERIOUS INJURY ILLEGAL DRIVING,Kensington and Chelsea,1,0,1,0,0,0,0,0,0,0,1,0,1,0,1,0,0,0,4,0,0,0,0,0
VIOLENCE AGAINST THE PERSON,HOMICIDE,Kensington and Chelsea,1,1,1,1,0,0,0,0,0,0,0,0,1,0,0,0,0,2,0,1,0,0,0,0
VIOLENCE AGAINST THE PERSON,STALKING AND HARASSMENT,Kensington and Chelsea,76,94,93,91,89,66,79,78,109,105,80,97,98,97,88,108,81,100,90,89,88,79,89,73
VIOLENCE AGAINST THE PERSON,VIOLENCE WITH INJURY,Kensington and Chelsea,94,145,111,106,92,97,73,91,90,110,94,98,116,144,89,76,93,88,92,57,86,90,97,110
VIOLENCE AGAINST THE PERSON,VIOLENCE WITHOUT INJURY,Kensington and Chelsea,198,268,190,175,190,168,169,187,187,185,218,201,209,259,205,212,157,175,206,174,188,189,177,212
ARSON AND CRIMINAL DAMAGE,ARSON,Kingston upon Thames,4,9,4,1,2,0,1,5,2,3,3,3,3,3,3,5,1,1,1,3,2,0,1,0
ARSON AND CRIMINAL DAMAGE,CRIMINAL DAMAGE,Kingston upon Thames,112,103,61,65,82,64,68,73,71,64,83,62,92,63,66,79,86,57,56,50,66,66,69,72
BURGLARY,BURGLARY BUSINESS AND COMMUNITY,Kingston upon Thames,9,17,10,10,17,10,10,9,20,13,17,15,20,7,13,17,20,13,5,7,10,9,1,8
BURGLARY,RES BURGLARY OF A HOME,Kingston upon Thames,25,11,13,24,28,34,34,22,21,21,18,23,38,17,25,24,33,22,22,29,15,15,24,17
BURGLARY,RES BURGLARY OF UNCONNECTED BUILDING,Kingston upon Thames,14,12,8,9,9,20,15,16,8,21,11,16,19,10,10,16,16,5,9,11,18,7,5,6
DRUG OFFENCES,POSSESSION OF DRUGS,Kingston upon Thames,28,37,24,49,44,28,46,42,59,29,46,33,32,33,38,56,40,42,48,41,59,53,55,29
DRUG OFFENCES,TRAFFICKING OF DRUGS,Kingston upon Thames,10,7,17,14,15,7,18,19,22,13,19,22,14,12,29,37,18,18,28,8,10,6,3,6
FRAUD AND FORGERY,FRAUD AND FORGERY,Kingston upon Thames,0,0,0,0,0,0,0,0,0,0,0,0,0,0,0,0,1,0,0,0,0,0,0,0
MISCELLANEOUS CRIMES AGAINST SOCIETY,MISC CRIMES AGAINST SOCIETY,Kingston upon Thames,10,6,12,16,10,10,11,15,20,10,19,12,15,16,16,10,14,9,11,10,20,13,22,18
POSSESSION OF WEAPONS,POSSESSION OF WEAPONS,Kingston upon Thames,7,5,4,7,6,3,7,4,6,8,7,9,8,7,13,8,6,8,3,14,8,8,15,4
PUBLIC ORDER OFFENCES,OTHER OFFENCES PUBLIC ORDER,Kingston upon Thames,17,13,9,7,6,9,9,7,11,9,6,11,27,16,11,14,11,7,7,15,20,15,16,10
PUBLIC ORDER OFFENCES,"PUBLIC FEAR, ALARM OR DISTRESS",Kingston upon Thames,46,54,47,38,31,30,37,42,49,32,51,50,59,30,50,51,27,30,33,30,39,47,39,45
PUBLIC ORDER OFFENCES,RACE OR RELIGIOUS AGG PUBLIC FEAR,Kingston upon Thames,20,18,17,16,17,19,14,22,14,21,20,15,20,30,11,25,10,17,18,15,20,19,18,24
ROBBERY,ROBBERY OF BUSINESS PROPERTY,Kingston upon Thames,6,4,2,9,11,6,6,3,9,7,11,10,8,14,11,11,5,5,1,14,6,2,7,3
ROBBERY,ROBBERY OF PERSONAL PROPERTY,Kingston upon Thames,7,9,7,13,19,7,8,12,9,11,11,7,10,8,11,18,14,10,10,20,13,8,16,19
SEXUAL OFFENCES,OTHER SEXUAL OFFENCES,Kingston upon Thames,25,14,23,17,25,9,29,29,16,26,21,29,22,27,16,23,31,21,27,16,24,28,24,21
SEXUAL OFFENCES,RAPE,Kingston upon Thames,13,10,6,8,13,7,8,8,10,8,6,10,20,13,11,19,11,16,14,10,11,11,12,14
THEFT,BICYCLE THEFT,Kingston upon Thames,34,37,47,32,30,25,17,10,18,20,30,16,27,30,22,20,33,20,14,15,28,17,26,26
THEFT,OTHER THEFT,Kingston upon Thames,125,105,108,99,66,87,81,89,90,86,84,91,93,79,78,74,75,98,72,61,96,94,78,78
THEFT,SHOPLIFTING,Kingston upon Thames,165,151,127,134,117,125,147,142,144,121,154,137,171,123,110,137,140,137,111,122,156,136,118,129
THEFT,THEFT FROM THE PERSON,Kingston upon Thames,36,52,34,50,50,43,56,35,36,39,28,33,32,31,33,38,45,32,43,23,31,29,32,39
VEHICLE OFFENCES,AGGRAVATED VEHICLE TAKING,Kingston upon Thames,0,0,1,0,0,1,0,0,0,1,1,0,2,0,0,0,0,1,0,1,0,0,0,1
VEHICLE OFFENCES,INTERFERING WITH A MOTOR VEHICLE,Kingston upon Thames,10,20,7,9,11,6,7,8,4,16,15,13,19,24,18,14,34,19,12,24,10,6,15,15
VEHICLE OFFENCES,THEFT FROM A VEHICLE,Kingston upon Thames,32,55,26,24,37,41,24,29,54,38,44,43,43,44,31,41,62,52,67,46,31,21,35,36
VEHICLE OFFENCES,THEFT OR UNAUTH TAKING OF A MOTOR VEH,Kingston upon Thames,34,40,42,47,29,27,13,23,35,39,42,36,26,32,25,31,22,22,15,27,30,30,38,33
VIOLENCE AGAINST THE PERSON,DEATH SERIOUS INJURY ILLEGAL DRIVING,Kingston upon Thames,1,0,0,0,0,1,0,0,0,0,0,0,0,0,0,0,0,0,0,1,0,1,2,0
VIOLENCE AGAINST THE PERSON,HOMICIDE,Kingston upon Thames,1,0,0,0,0,0,0,0,0,0,0,0,0,0,0,0,0,0,0,0,0,0,0,0
VIOLENCE AGAINST THE PERSON,STALKING AND HARASSMENT,Kingston upon Thames,46,47,61,61,55,50,72,66,76,56,78,76,99,65,68,88,93,77,67,76,90,72,74,80
VIOLENCE AGAINST THE PERSON,VIOLENCE WITH INJURY,Kingston upon Thames,94,78,72,54,60,65,89,66,82,73,74,72,97,85,76,83,88,84,70,85,78,87,88,89
VIOLENCE AGAINST THE PERSON,VIOLENCE WITHOUT INJURY,Kingston upon Thames,144,110,127,132,142,135,142,142,147,130,123,136,133,116,128,172,139,156,140,161,192,134,152,154
ARSON AND CRIMINAL DAMAGE,ARSON,Lambeth,3,9,9,9,11,4,9,3,3,6,7,5,11,6,12,7,18,3,5,5,10,6,8,1
ARSON AND CRIMINAL DAMAGE,CRIMINAL DAMAGE,Lambeth,191,213,203,164,165,190,176,157,172,176,191,209,205,165,197,168,144,178,171,156,161,172,155,175
BURGLARY,BURGLARY BUSINESS AND COMMUNITY,Lambeth,75,69,76,88,40,62,61,44,57,52,50,60,60,54,52,44,47,61,42,31,47,38,34,47
BURGLARY,RES BURGLARY OF A HOME,Lambeth,79,77,93,81,90,76,59,64,57,48,75,64,71,67,67,60,56,74,60,54,55,56,54,79
BURGLARY,RES BURGLARY OF UNCONNECTED BUILDING,Lambeth,27,39,40,37,36,30,23,21,36,26,41,37,33,30,48,34,38,51,35,44,42,45,32,43
DRUG OFFENCES,POSSESSION OF DRUGS,Lambeth,77,78,96,106,79,87,97,95,104,97,111,108,72,93,106,118,105,101,120,109,102,96,111,112
DRUG OFFENCES,TRAFFICKING OF DRUGS,Lambeth,50,35,88,70,68,85,72,65,66,102,99,54,76,54,67,50,44,50,52,43,35,25,31,30
FRAUD AND FORGERY,FRAUD AND FORGERY,Lambeth,0,0,0,0,0,0,0,1,0,0,0,0,0,0,0,0,0,0,0,0,0,0,0,0
MISCELLANEOUS CRIMES AGAINST SOCIETY,MISC CRIMES AGAINST SOCIETY,Lambeth,24,21,36,32,32,25,49,32,47,44,47,40,41,33,30,45,45,35,29,26,55,40,40,52
POSSESSION OF WEAPONS,POSSESSION OF WEAPONS,Lambeth,23,26,23,22,22,22,22,15,29,27,31,28,27,23,22,37,31,39,27,27,35,25,43,38
PUBLIC ORDER OFFENCES,OTHER OFFENCES PUBLIC ORDER,Lambeth,22,28,38,23,34,14,22,20,17,25,15,28,41,34,26,30,30,33,20,25,25,35,35,25
PUBLIC ORDER OFFENCES,"PUBLIC FEAR, ALARM OR DISTRESS",Lambeth,135,140,125,120,128,95,100,88,112,127,110,137,130,127,98,92,112,101,82,83,95,100,117,134
PUBLIC ORDER OFFENCES,RACE OR RELIGIOUS AGG PUBLIC FEAR,Lambeth,57,60,49,52,32,29,41,30,40,41,33,39,51,54,59,51,34,38,27,40,42,41,49,53
PUBLIC ORDER OFFENCES,VIOLENT DISORDER,Lambeth,0,0,0,0,0,0,0,0,0,0,0,0,0,0,1,1,0,1,0,1,0,1,0,0
ROBBERY,ROBBERY OF BUSINESS PROPERTY,Lambeth,30,27,29,31,27,24,16,21,12,24,32,31,38,24,27,29,42,28,27,32,23,20,48,39
ROBBERY,ROBBERY OF PERSONAL PROPERTY,Lambeth,180,189,162,193,153,131,126,100,109,131,104,123,121,117,117,114,136,109,134,98,140,135,119,159
SEXUAL OFFENCES,OTHER SEXUAL OFFENCES,Lambeth,63,72,73,89,64,69,65,45,57,55,67,71,71,66,62,62,55,57,115,58,84,59,83,76
SEXUAL OFFENCES,RAPE,Lambeth,32,25,43,37,36,23,28,42,27,37,31,46,44,43,36,34,32,33,36,44,44,39,46,46
THEFT,BICYCLE THEFT,Lambeth,87,102,79,86,73,60,54,55,60,65,82,64,96,84,88,99,78,63,57,70,73,105,104,122
THEFT,OTHER THEFT,Lambeth,437,355,402,406,362,386,335,301,340,329,408,417,436,425,341,389,389,389,398,320,385,341,358,436
THEFT,SHOPLIFTING,Lambeth,308,272,243,293,219,210,252,204,222,281,321,313,323,322,253,259,265,232,240,256,339,349,330,407
THEFT,THEFT FROM THE PERSON,Lambeth,380,510,443,507,448,440,343,398,485,513,515,461,423,413,469,383,467,428,332,313,394,408,424,483
VEHICLE OFFENCES,AGGRAVATED VEHICLE TAKING,Lambeth,1,0,0,0,3,3,3,1,1,2,1,2,0,0,1,0,1,2,0,0,2,1,4,1
VEHICLE OFFENCES,INTERFERING WITH A MOTOR VEHICLE,Lambeth,58,54,33,12,21,37,42,60,33,19,19,21,23,34,26,20,17,18,44,23,48,17,29,15
VEHICLE OFFENCES,THEFT FROM A VEHICLE,Lambeth,183,198,146,107,101,159,179,170,103,91,99,99,106,109,101,101,107,106,126,110,121,147,137,124
VEHICLE OFFENCES,THEFT OR UNAUTH TAKING OF A MOTOR VEH,Lambeth,84,93,70,100,73,71,68,71,71,75,71,92,73,83,89,71,64,72,80,65,81,78,77,111
VIOLENCE AGAINST THE PERSON,DEATH SERIOUS INJURY ILLEGAL DRIVING,Lambeth,1,2,0,1,1,2,0,2,0,2,0,0,1,0,0,0,1,1,1,1,1,0,1,1
VIOLENCE AGAINST THE PERSON,HOMICIDE,Lambeth,0,0,1,0,1,0,1,0,2,0,0,0,2,0,1,2,0,0,1,0,0,1,1,1
VIOLENCE AGAINST THE PERSON,STALKING AND HARASSMENT,Lambeth,147,176,167,166,176,169,161,145,153,147,162,161,199,212,187,194,194,151,204,181,193,183,179,200
VIOLENCE AGAINST THE PERSON,VIOLENCE WITH INJURY,Lambeth,273,214,231,251,225,221,217,190,219,279,255,247,249,231,204,239,201,237,224,215,222,225,270,284
VIOLENCE AGAINST THE PERSON,VIOLENCE WITHOUT INJURY,Lambeth,413,338,388,369,328,333,352,328,347,382,391,462,481,380,357,390,366,388,382,347,414,407,445,471
ARSON AND CRIMINAL DAMAGE,ARSON,Lewisham,9,5,8,7,3,4,6,5,3,12,7,13,6,4,4,3,5,3,2,3,6,10,2,6
ARSON AND CRIMINAL DAMAGE,CRIMINAL DAMAGE,Lewisham,187,159,169,179,158,160,140,153,168,181,188,174,187,165,147,170,171,164,187,127,135,153,164,177
BURGLARY,BURGLARY BUSINESS AND COMMUNITY,Lewisham,27,55,35,32,30,24,25,14,31,25,43,16,17,23,30,22,27,25,30,22,27,25,31,27
BURGLARY,RES BURGLARY OF A HOME,Lewisham,88,77,87,60,77,92,82,61,89,75,56,60,57,77,86,87,83,92,78,57,57,73,66,70
BURGLARY,RES BURGLARY OF UNCONNECTED BUILDING,Lewisham,32,34,23,24,36,26,22,21,26,39,37,20,29,31,21,30,27,22,30,25,40,31,25,35
DRUG OFFENCES,POSSESSION OF DRUGS,Lewisham,67,75,77,127,123,77,102,103,104,98,94,91,107,118,73,139,128,88,83,88,109,81,109,122
DRUG OFFENCES,TRAFFICKING OF DRUGS,Lewisham,34,49,76,81,99,101,95,95,74,71,74,70,60,47,55,53,33,51,43,33,40,23,25,34
FRAUD AND FORGERY,FRAUD AND FORGERY,Lewisham,0,0,1,0,0,0,0,0,0,0,0,0,0,0,0,0,0,0,0,0,0,0,0,0
MISCELLANEOUS CRIMES AGAINST SOCIETY,MISC CRIMES AGAINST SOCIETY,Lewisham,28,21,34,19,21,30,34,33,46,33,43,33,38,33,33,40,38,35,25,41,35,34,39,40
POSSESSION OF WEAPONS,POSSESSION OF WEAPONS,Lewisham,20,20,19,21,24,20,24,20,30,27,35,32,30,33,30,31,37,31,26,31,23,33,36,39
PUBLIC ORDER OFFENCES,OTHER OFFENCES PUBLIC ORDER,Lewisham,37,22,26,36,33,39,25,31,34,30,27,32,31,34,44,24,41,32,37,29,53,56,42,45
PUBLIC ORDER OFFENCES,"PUBLIC FEAR, ALARM OR DISTRESS",Lewisham,122,139,107,122,89,98,119,96,124,110,119,128,140,119,112,117,81,69,82,80,95,95,113,126
PUBLIC ORDER OFFENCES,RACE OR RELIGIOUS AGG PUBLIC FEAR,Lewisham,42,53,37,43,36,31,22,36,28,46,41,39,49,37,37,39,27,35,37,30,43,38,50,40
ROBBERY,ROBBERY OF BUSINESS PROPERTY,Lewisham,27,19,24,21,20,15,29,16,20,25,16,17,27,27,30,20,23,20,30,34,21,31,35,30
ROBBERY,ROBBERY OF PERSONAL PROPERTY,Lewisham,93,72,84,92,80,47,71,69,57,57,54,57,71,46,48,58,87,81,54,60,68,75,63,53
SEXUAL OFFENCES,OTHER SEXUAL OFFENCES,Lewisham,57,46,47,67,57,49,51,46,44,41,42,55,74,52,60,63,67,53,53,41,67,60,58,76
SEXUAL OFFENCES,RAPE,Lewisham,44,39,33,25,40,35,39,34,38,25,37,36,47,27,24,46,29,39,35,26,31,32,32,33
THEFT,BICYCLE THEFT,Lewisham,45,38,31,32,29,20,31,18,19,30,40,34,32,21,29,29,36,19,25,12,29,26,43,45
THEFT,OTHER THEFT,Lewisham,239,247,237,255,209,251,238,216,202,198,238,229,227,211,223,197,225,211,205,214,202,175,210,225
THEFT,SHOPLIFTING,Lewisham,349,206,138,158,206,130,148,216,158,153,170,167,175,227,181,202,210,201,280,266,298,331,379,349
THEFT,THEFT FROM THE PERSON,Lewisham,185,183,178,183,182,129,102,77,103,110,147,112,107,96,88,104,92,100,86,88,128,98,112,91
VEHICLE OFFENCES,AGGRAVATED VEHICLE TAKING,Lewisham,1,4,1,3,2,4,2,4,2,2,3,2,2,6,3,0,1,2,0,0,1,6,3,0
VEHICLE OFFENCES,INTERFERING WITH A MOTOR VEHICLE,Lewisham,51,33,30,28,36,28,29,18,25,29,32,27,18,32,15,40,25,22,16,22,20,18,22,26
VEHICLE OFFENCES,THEFT FROM A VEHICLE,Lewisham,130,124,137,115,139,120,131,90,115,129,107,99,93,114,86,100,93,96,82,72,93,119,89,112
VEHICLE OFFENCES,THEFT OR UNAUTH TAKING OF A MOTOR VEH,Lewisham,98,107,93,106,100,106,112,87,86,134,116,90,106,91,106,115,94,79,75,84,94,89,85,108
VIOLENCE AGAINST THE PERSON,DEATH SERIOUS INJURY ILLEGAL DRIVING,Lewisham,0,0,0,0,0,1,0,1,1,0,1,0,1,0,1,1,0,0,1,0,0,1,0,3
VIOLENCE AGAINST THE PERSON,HOMICIDE,Lewisham,1,1,0,0,1,0,0,0,1,1,1,1,0,2,1,2,0,2,0,0,0,0,1,1
VIOLENCE AGAINST THE PERSON,STALKING AND HARASSMENT,Lewisham,194,162,225,170,199,208,184,181,180,191,224,215,235,220,195,222,229,215,214,222,247,219,270,233
VIOLENCE AGAINST THE PERSON,VIOLENCE WITH INJURY,Lewisham,257,199,231,231,171,189,200,167,202,233,246,255,235,239,207,235,230,206,216,221,225,227,233,274
VIOLENCE AGAINST THE PERSON,VIOLENCE WITHOUT INJURY,Lewisham,370,384,333,382,347,362,321,325,358,367,378,371,400,333,386,412,362,355,367,328,359,359,489,437
ARSON AND CRIMINAL DAMAGE,ARSON,Merton,6,3,1,4,1,3,2,2,7,6,1,2,4,1,5,1,2,4,1,2,1,5,6,2
ARSON AND CRIMINAL DAMAGE,CRIMINAL DAMAGE,Merton,103,97,74,91,91,70,76,54,82,88,107,95,79,110,70,107,81,78,61,44,71,81,87,69
BURGLARY,BURGLARY BUSINESS AND COMMUNITY,Merton,16,12,10,13,15,14,24,13,8,17,17,22,15,21,9,11,12,16,12,11,16,8,13,12
BURGLARY,RES BURGLARY OF A HOME,Merton,30,65,40,41,51,55,47,28,36,32,38,32,55,23,30,34,41,45,43,31,37,34,31,42
BURGLARY,RES BURGLARY OF UNCONNECTED BUILDING,Merton,17,17,19,12,22,15,11,18,8,14,8,15,13,12,10,11,13,10,7,5,6,13,13,3
DRUG OFFENCES,POSSESSION OF DRUGS,Merton,39,24,39,31,33,29,31,35,42,49,29,38,29,29,26,28,50,54,30,36,37,31,27,29
DRUG OFFENCES,TRAFFICKING OF DRUGS,Merton,25,11,28,25,37,34,36,27,36,35,27,13,16,18,16,24,27,40,34,23,24,9,10,12
FRAUD AND FORGERY,FRAUD AND FORGERY,Merton,1,0,0,0,0,1,0,0,0,0,0,0,0,0,0,0,0,0,0,0,0,0,0,0
MISCELLANEOUS CRIMES AGAINST SOCIETY,MISC CRIMES AGAINST SOCIETY,Merton,11,12,14,10,13,16,21,15,10,20,11,21,18,19,18,9,20,14,19,26,18,13,22,23
POSSESSION OF WEAPONS,POSSESSION OF WEAPONS,Merton,10,4,16,8,6,5,8,5,8,12,8,15,12,10,9,7,6,7,11,18,10,9,9,3
PUBLIC ORDER OFFENCES,OTHER OFFENCES PUBLIC ORDER,Merton,13,13,8,12,6,10,6,11,13,11,8,7,5,3,9,10,8,7,9,11,7,13,14,8
PUBLIC ORDER OFFENCES,"PUBLIC FEAR, ALARM OR DISTRESS",Merton,43,37,50,67,45,52,43,41,52,45,59,53,57,52,53,40,33,38,38,45,43,37,49,37
PUBLIC ORDER OFFENCES,RACE OR RELIGIOUS AGG PUBLIC FEAR,Merton,20,31,17,18,15,16,18,16,12,13,19,12,31,21,7,21,11,26,16,23,23,11,20,18
PUBLIC ORDER OFFENCES,VIOLENT DISORDER,Merton,0,0,0,0,0,0,0,0,0,0,0,0,0,0,0,0,0,0,0,0,0,0,0,1
ROBBERY,ROBBERY OF BUSINESS PROPERTY,Merton,11,11,10,7,13,14,11,10,15,15,15,14,17,16,11,11,14,14,9,8,15,9,16,8
ROBBERY,ROBBERY OF PERSONAL PROPERTY,Merton,17,26,16,18,17,27,16,16,26,22,21,13,12,9,14,13,17,23,17,22,20,20,12,18
SEXUAL OFFENCES,OTHER SEXUAL OFFENCES,Merton,23,27,20,24,26,33,19,25,28,23,23,32,28,29,18,21,33,31,37,28,33,27,29,23
SEXUAL OFFENCES,RAPE,Merton,16,9,15,8,14,7,14,15,16,24,19,15,19,20,13,8,19,23,25,12,15,10,18,18
THEFT,BICYCLE THEFT,Merton,23,29,22,18,8,15,12,16,9,23,16,20,25,23,22,28,12,18,11,18,20,28,28,19
THEFT,OTHER THEFT,Merton,124,115,122,99,103,104,114,88,85,100,109,90,126,94,94,104,105,119,106,73,108,90,95,89
THEFT,SHOPLIFTING,Merton,139,198,174,219,226,102,156,173,209,183,146,117,129,127,86,108,93,88,93,89,116,178,132,115
THEFT,THEFT FROM THE PERSON,Merton,33,35,41,17,45,35,32,26,35,28,34,29,19,27,17,25,30,20,33,30,24,25,19,25
VEHICLE OFFENCES,AGGRAVATED VEHICLE TAKING,Merton,0,1,0,1,1,1,1,1,1,0,1,0,0,1,0,0,1,1,2,0,0,0,2,1
VEHICLE OFFENCES,INTERFERING WITH A MOTOR VEHICLE,Merton,30,22,28,17,18,9,17,7,12,13,11,12,20,19,10,16,14,12,15,18,7,11,10,11
VEHICLE OFFENCES,THEFT FROM A VEHICLE,Merton,67,50,70,76,48,39,43,43,47,54,44,38,46,45,64,51,52,32,42,34,48,47,52,47
VEHICLE OFFENCES,THEFT OR UNAUTH TAKING OF A MOTOR VEH,Merton,55,47,72,73,56,37,55,45,68,54,55,60,51,36,23,50,50,57,66,46,62,44,49,53
VIOLENCE AGAINST THE PERSON,DEATH SERIOUS INJURY ILLEGAL DRIVING,Merton,0,0,0,0,0,1,0,0,1,0,0,0,0,0,0,0,0,2,0,4,0,0,0,0
VIOLENCE AGAINST THE PERSON,HOMICIDE,Merton,0,0,0,0,0,0,0,0,0,1,0,0,0,0,0,0,1,0,0,1,0,0,0,0
VIOLENCE AGAINST THE PERSON,STALKING AND HARASSMENT,Merton,94,84,79,62,63,69,82,70,101,83,65,97,124,90,94,83,99,105,79,97,90,111,106,111
VIOLENCE AGAINST THE PERSON,VIOLENCE WITH INJURY,Merton,138,85,96,72,70,92,81,80,94,94,103,119,123,92,101,92,90,99,77,77,80,89,101,110
VIOLENCE AGAINST THE PERSON,VIOLENCE WITHOUT INJURY,Merton,177,162,166,164,151,161,157,118,181,152,184,183,169,163,198,174,182,183,179,145,151,151,188,209
ARSON AND CRIMINAL DAMAGE,ARSON,Newham,12,3,6,4,10,4,11,7,7,8,6,13,5,8,8,6,3,5,8,5,8,5,8,3
ARSON AND CRIMINAL DAMAGE,CRIMINAL DAMAGE,Newham,188,174,155,165,146,133,147,128,176,172,187,166,178,183,175,170,141,158,143,154,181,204,211,171
BURGLARY,BURGLARY BUSINESS AND COMMUNITY,Newham,72,102,78,59,57,50,41,42,30,50,54,36,33,54,58,61,55,48,67,56,50,72,60,53
BURGLARY,RES BURGLARY OF A HOME,Newham,65,75,52,60,85,72,51,64,55,47,44,36,40,50,51,62,55,50,46,56,55,56,39,63
BURGLARY,RES BURGLARY OF UNCONNECTED BUILDING,Newham,39,32,26,35,30,34,36,27,26,28,31,24,35,37,43,36,42,51,35,27,36,51,56,52
DRUG OFFENCES,POSSESSION OF DRUGS,Newham,71,76,83,107,150,124,125,143,123,106,106,108,164,152,128,133,136,180,199,166,183,109,134,161
DRUG OFFENCES,TRAFFICKING OF DRUGS,Newham,73,69,164,111,137,147,136,179,147,126,89,64,87,39,58,49,52,84,111,36,41,29,26,37
FRAUD AND FORGERY,FRAUD AND FORGERY,Newham,0,0,0,2,0,0,1,1,0,2,0,0,0,0,0,0,0,0,0,0,1,0,0,0
MISCELLANEOUS CRIMES AGAINST SOCIETY,MISC CRIMES AGAINST SOCIETY,Newham,38,53,42,56,53,45,49,36,48,44,59,47,38,48,32,54,39,51,58,34,43,38,56,44
POSSESSION OF WEAPONS,POSSESSION OF WEAPONS,Newham,23,25,23,37,13,20,27,19,36,21,23,21,30,34,30,24,23,22,40,22,34,27,38,45
PUBLIC ORDER OFFENCES,OTHER OFFENCES PUBLIC ORDER,Newham,27,28,26,35,31,21,23,30,29,19,33,28,46,39,25,49,36,17,39,29,46,35,32,41
PUBLIC ORDER OFFENCES,"PUBLIC FEAR, ALARM OR DISTRESS",Newham,130,127,121,125,103,105,100,72,104,101,128,109,118,120,112,110,103,100,77,80,107,89,128,106
PUBLIC ORDER OFFENCES,RACE OR RELIGIOUS AGG PUBLIC FEAR,Newham,43,58,32,34,34,31,25,31,41,30,47,54,30,47,46,46,40,33,45,44,46,42,62,42
PUBLIC ORDER OFFENCES,VIOLENT DISORDER,Newham,0,1,0,0,0,2,1,0,0,0,0,0,0,0,0,0,1,0,0,0,0,0,0,0
ROBBERY,ROBBERY OF BUSINESS PROPERTY,Newham,22,33,40,34,28,30,43,29,25,33,31,34,24,33,31,40,26,23,30,31,30,21,30,30
ROBBERY,ROBBERY OF PERSONAL PROPERTY,Newham,104,117,132,125,102,135,122,112,120,111,115,108,111,106,76,141,132,129,135,101,135,125,125,101
SEXUAL OFFENCES,OTHER SEXUAL OFFENCES,Newham,52,51,60,63,64,45,54,42,51,39,67,70,65,67,62,64,64,48,77,51,40,53,73,70
SEXUAL OFFENCES,RAPE,Newham,26,27,37,34,33,30,33,35,42,38,38,49,51,35,29,35,37,42,38,24,21,35,39,35
THEFT,BICYCLE THEFT,Newham,68,50,55,61,54,45,26,29,27,43,57,58,47,71,44,43,51,35,25,39,39,50,55,43
THEFT,OTHER THEFT,Newham,434,423,457,462,413,431,380,323,397,325,386,385,413,287,370,412,386,398,364,349,379,382,392,423
THEFT,SHOPLIFTING,Newham,361,414,409,454,443,423,443,419,395,386,500,434,401,447,399,409,342,313,278,264,358,388,359,345
THEFT,THEFT FROM THE PERSON,Newham,321,335,291,376,435,410,387,395,434,355,287,278,335,263,278,423,393,363,348,318,401,341,295,254
VEHICLE OFFENCES,AGGRAVATED VEHICLE TAKING,Newham,4,1,4,1,2,1,1,1,2,2,2,2,3,4,3,4,1,1,1,1,0,1,0,3
VEHICLE OFFENCES,INTERFERING WITH A MOTOR VEHICLE,Newham,22,27,43,49,38,31,31,21,41,36,29,11,36,27,32,35,34,34,35,19,25,22,38,32
VEHICLE OFFENCES,THEFT FROM A VEHICLE,Newham,199,195,194,191,160,171,168,159,147,175,185,123,174,145,189,218,255,251,226,243,191,206,224,226
VEHICLE OFFENCES,THEFT OR UNAUTH TAKING OF A MOTOR VEH,Newham,121,145,160,164,125,130,132,133,102,117,140,130,155,160,152,162,143,141,111,132,155,147,182,138
VIOLENCE AGAINST THE PERSON,DEATH SERIOUS INJURY ILLEGAL DRIVING,Newham,0,1,0,1,0,0,3,0,2,0,0,0,1,1,0,0,0,3,0,0,0,0,0,0
VIOLENCE AGAINST THE PERSON,HOMICIDE,Newham,2,2,0,1,0,0,0,0,0,0,0,0,0,0,0,0,1,0,0,1,0,0,0,1
VIOLENCE AGAINST THE PERSON,STALKING AND HARASSMENT,Newham,213,192,164,221,181,190,170,191,212,190,221,213,252,216,241,250,257,201,254,239,260,232,248,279
VIOLENCE AGAINST THE PERSON,VIOLENCE WITH INJURY,Newham,250,251,207,240,214,198,220,163,244,226,268,247,263,241,214,216,230,238,230,223,239,223,247,245
VIOLENCE AGAINST THE PERSON,VIOLENCE WITHOUT INJURY,Newham,463,372,410,401,398,407,381,321,404,448,377,463,527,392,432,491,412,439,438,411,518,475,511,520
ARSON AND CRIMINAL DAMAGE,ARSON,Redbridge,10,8,6,5,5,10,8,1,6,6,8,1,6,9,4,6,3,1,3,7,3,3,2,5
ARSON AND CRIMINAL DAMAGE,CRIMINAL DAMAGE,Redbridge,144,127,107,110,113,108,112,110,111,117,123,116,140,118,109,140,116,120,131,116,114,130,133,119
BURGLARY,BURGLARY BUSINESS AND COMMUNITY,Redbridge,75,71,72,54,38,22,21,23,26,32,30,21,26,31,57,42,17,35,30,31,35,26,42,24
BURGLARY,RES BURGLARY OF A HOME,Redbridge,48,52,29,57,76,73,57,64,45,35,29,29,29,45,37,73,73,63,51,60,54,43,49,44
BURGLARY,RES BURGLARY OF UNCONNECTED BUILDING,Redbridge,12,16,19,17,8,14,19,13,15,8,7,11,14,19,12,19,15,17,16,13,11,12,14,10
DRUG OFFENCES,POSSESSION OF DRUGS,Redbridge,43,50,39,81,58,67,90,80,65,76,87,90,86,74,75,100,59,68,71,54,55,54,74,84
DRUG OFFENCES,TRAFFICKING OF DRUGS,Redbridge,21,17,22,60,43,45,37,26,22,20,34,40,33,22,31,30,19,33,73,30,20,11,22,20
FRAUD AND FORGERY,FRAUD AND FORGERY,Redbridge,0,0,0,1,0,0,0,0,1,0,0,0,0,0,0,0,0,0,0,0,0,1,0,0
MISCELLANEOUS CRIMES AGAINST SOCIETY,MISC CRIMES AGAINST SOCIETY,Redbridge,23,27,26,36,24,28,34,27,32,25,38,25,34,21,31,30,34,37,40,30,35,41,27,28
POSSESSION OF WEAPONS,POSSESSION OF WEAPONS,Redbridge,10,10,11,14,15,12,10,9,15,13,12,15,19,15,8,13,18,26,15,18,15,13,21,9
PUBLIC ORDER OFFENCES,OTHER OFFENCES PUBLIC ORDER,Redbridge,24,19,14,17,17,7,19,15,13,15,23,12,34,18,15,13,13,15,17,18,24,34,27,40
PUBLIC ORDER OFFENCES,"PUBLIC FEAR, ALARM OR DISTRESS",Redbridge,78,62,74,75,63,45,60,58,80,66,72,54,90,81,68,72,60,65,66,67,78,78,94,79
PUBLIC ORDER OFFENCES,RACE OR RELIGIOUS AGG PUBLIC FEAR,Redbridge,33,37,22,24,39,20,32,21,32,28,21,47,37,34,46,36,40,30,16,26,27,34,43,35
PUBLIC ORDER OFFENCES,VIOLENT DISORDER,Redbridge,0,1,0,0,0,0,0,0,0,0,0,0,0,1,1,1,0,0,0,1,0,0,0,0
ROBBERY,ROBBERY OF BUSINESS PROPERTY,Redbridge,18,17,20,16,19,14,11,19,11,22,20,24,27,13,21,20,26,22,16,13,16,21,26,15
ROBBERY,ROBBERY OF PERSONAL PROPERTY,Redbridge,37,47,29,52,45,37,44,31,73,89,61,54,51,59,54,46,57,49,44,38,52,37,55,34
SEXUAL OFFENCES,OTHER SEXUAL OFFENCES,Redbridge,53,40,34,39,34,37,40,35,29,28,30,49,39,39,50,41,45,44,41,26,48,37,38,38
SEXUAL OFFENCES,RAPE,Redbridge,23,15,31,25,16,25,19,21,36,25,27,21,23,22,27,31,19,26,23,18,28,19,27,23
THEFT,BICYCLE THEFT,Redbridge,18,20,19,24,17,15,16,12,15,22,13,16,25,18,20,18,9,14,11,7,8,19,14,15
THEFT,OTHER THEFT,Redbridge,233,191,184,210,185,199,208,185,175,182,187,168,183,169,203,192,161,191,205,169,181,160,176,148
THEFT,SHOPLIFTING,Redbridge,180,161,184,149,169,107,104,141,216,179,232,220,200,207,222,170,173,195,155,152,190,262,299,276
THEFT,THEFT FROM THE PERSON,Redbridge,82,92,80,108,133,151,133,137,131,149,86,67,69,78,89,103,142,122,93,148,122,65,74,73
VEHICLE OFFENCES,AGGRAVATED VEHICLE TAKING,Redbridge,3,3,1,3,1,1,2,1,1,2,0,3,0,0,2,0,3,2,4,0,0,1,0,1
VEHICLE OFFENCES,INTERFERING WITH A MOTOR VEHICLE,Redbridge,22,30,33,42,22,32,31,31,19,26,43,19,21,25,14,30,22,21,20,27,9,20,16,20
VEHICLE OFFENCES,THEFT FROM A VEHICLE,Redbridge,121,114,125,148,134,131,128,117,100,112,95,106,90,92,113,98,118,115,132,95,103,119,119,108
VEHICLE OFFENCES,THEFT OR UNAUTH TAKING OF A MOTOR VEH,Redbridge,138,121,103,118,117,119,128,82,93,102,132,121,120,115,107,101,102,81,95,58,110,108,100,110
VIOLENCE AGAINST THE PERSON,DEATH SERIOUS INJURY ILLEGAL DRIVING,Redbridge,2,0,0,2,0,0,0,0,1,0,0,1,0,0,0,2,0,1,0,0,1,0,2,1
VIOLENCE AGAINST THE PERSON,HOMICIDE,Redbridge,0,0,0,1,0,0,0,0,0,0,0,0,1,1,0,0,0,0,1,0,0,1,0,0
VIOLENCE AGAINST THE PERSON,STALKING AND HARASSMENT,Redbridge,155,116,152,156,156,126,164,145,143,151,181,198,169,168,181,174,182,162,197,177,197,199,177,227
VIOLENCE AGAINST THE PERSON,VIOLENCE WITH INJURY,Redbridge,199,189,150,166,172,143,154,128,149,153,171,185,192,192,173,196,174,179,163,155,162,180,213,175
VIOLENCE AGAINST THE PERSON,VIOLENCE WITHOUT INJURY,Redbridge,357,309,303,311,307,351,325,274,308,348,373,345,384,373,343,382,351,342,310,316,365,386,399,392
ARSON AND CRIMINAL DAMAGE,ARSON,Richmond upon Thames,7,15,3,3,1,0,2,5,8,3,2,4,4,6,7,1,1,1,3,2,3,4,1,2
ARSON AND CRIMINAL DAMAGE,CRIMINAL DAMAGE,Richmond upon Thames,101,95,56,82,102,65,66,54,63,64,96,99,123,89,114,97,85,83,103,71,50,66,77,64
BURGLARY,BURGLARY BUSINESS AND COMMUNITY,Richmond upon Thames,24,27,26,31,13,23,38,13,19,19,45,25,18,19,11,28,21,16,12,9,15,12,10,25
BURGLARY,RES BURGLARY OF A HOME,Richmond upon Thames,25,36,31,33,40,48,52,35,34,22,24,39,31,35,39,25,28,26,64,41,41,38,22,22
BURGLARY,RES BURGLARY OF UNCONNECTED BUILDING,Richmond upon Thames,11,15,16,23,24,20,19,17,24,31,29,22,23,18,25,28,11,6,14,12,10,18,14,14
DRUG OFFENCES,POSSESSION OF DRUGS,Richmond upon Thames,10,14,17,16,17,14,17,15,14,19,23,8,17,21,21,15,20,14,22,10,15,20,14,16
DRUG OFFENCES,TRAFFICKING OF DRUGS,Richmond upon Thames,50,39,29,34,37,51,33,30,19,35,99,22,31,26,22,32,22,11,26,19,10,18,9,4
FRAUD AND FORGERY,FRAUD AND FORGERY,Richmond upon Thames,0,1,0,0,0,0,0,0,0,0,0,0,0,0,0,0,0,0,0,0,0,0,0,0
MISCELLANEOUS CRIMES AGAINST SOCIETY,MISC CRIMES AGAINST SOCIETY,Richmond upon Thames,10,12,13,20,10,15,9,10,9,12,8,12,14,16,14,10,12,9,15,20,5,16,8,14
POSSESSION OF WEAPONS,POSSESSION OF WEAPONS,Richmond upon Thames,5,1,5,4,4,5,2,2,6,10,3,7,5,4,1,3,5,6,5,5,4,5,0,4
PUBLIC ORDER OFFENCES,OTHER OFFENCES PUBLIC ORDER,Richmond upon Thames,10,7,10,8,9,6,12,4,15,15,17,15,13,11,10,11,11,21,7,12,7,13,7,16
PUBLIC ORDER OFFENCES,"PUBLIC FEAR, ALARM OR DISTRESS",Richmond upon Thames,53,39,46,34,38,39,47,21,55,26,80,58,48,36,41,29,42,37,39,28,38,44,40,51
PUBLIC ORDER OFFENCES,RACE OR RELIGIOUS AGG PUBLIC FEAR,Richmond upon Thames,17,13,13,7,12,11,8,10,11,13,12,13,16,24,11,13,12,18,11,6,17,12,22,10
PUBLIC ORDER OFFENCES,VIOLENT DISORDER,Richmond upon Thames,0,0,0,0,0,0,0,0,0,0,0,0,0,0,0,0,0,0,0,0,0,0,0,1
ROBBERY,ROBBERY OF BUSINESS PROPERTY,Richmond upon Thames,16,8,4,8,12,7,11,10,9,10,9,16,12,9,9,6,7,4,12,10,4,9,10,6
ROBBERY,ROBBERY OF PERSONAL PROPERTY,Richmond upon Thames,7,13,15,20,20,7,12,10,11,14,9,19,19,11,4,17,6,11,17,16,11,11,8,21
SEXUAL OFFENCES,OTHER SEXUAL OFFENCES,Richmond upon Thames,20,19,20,14,12,17,19,17,13,20,30,20,20,15,23,20,18,8,25,22,17,28,35,27
SEXUAL OFFENCES,RAPE,Richmond upon Thames,14,8,12,10,21,6,9,2,13,8,11,16,13,6,6,6,11,10,12,10,10,6,10,11
THEFT,BICYCLE THEFT,Richmond upon Thames,33,52,37,33,49,26,25,23,29,47,45,39,44,39,37,27,24,8,21,24,27,35,25,35
THEFT,OTHER THEFT,Richmond upon Thames,100,101,95,103,120,101,77,88,93,96,107,91,102,84,90,92,79,107,80,68,81,75,91,122
THEFT,SHOPLIFTING,Richmond upon Thames,135,131,129,114,145,100,102,110,114,122,104,103,118,87,75,99,111,84,70,110,100,110,116,92
THEFT,THEFT FROM THE PERSON,Richmond upon Thames,16,33,29,28,39,21,25,23,23,22,19,24,34,14,12,23,20,27,26,15,24,25,22,26
VEHICLE OFFENCES,AGGRAVATED VEHICLE TAKING,Richmond upon Thames,0,0,1,1,0,0,1,0,0,0,1,1,0,0,0,1,2,2,0,0,0,0,0,0
VEHICLE OFFENCES,INTERFERING WITH A MOTOR VEHICLE,Richmond upon Thames,23,24,16,12,22,18,14,17,15,21,21,20,10,10,19,27,6,13,20,23,14,17,17,9
VEHICLE OFFENCES,THEFT FROM A VEHICLE,Richmond upon Thames,110,90,53,77,90,98,81,89,95,62,73,70,76,60,62,83,79,60,77,64,121,98,58,74
VEHICLE OFFENCES,THEFT OR UNAUTH TAKING OF A MOTOR VEH,Richmond upon Thames,53,53,51,58,61,28,32,41,58,61,51,50,36,42,31,50,38,33,39,49,32,53,49,46
VIOLENCE AGAINST THE PERSON,DEATH SERIOUS INJURY ILLEGAL DRIVING,Richmond upon Thames,0,1,0,0,0,0,1,0,0,0,0,0,1,0,0,0,0,0,1,1,0,2,0,0
VIOLENCE AGAINST THE PERSON,HOMICIDE,Richmond upon Thames,0,0,0,0,0,0,0,0,0,1,0,0,0,0,0,0,0,0,0,0,0,0,0,0
VIOLENCE AGAINST THE PERSON,STALKING AND HARASSMENT,Richmond upon Thames,64,69,72,69,57,63,60,55,58,70,68,68,80,65,60,83,70,77,73,88,72,73,71,102
VIOLENCE AGAINST THE PERSON,VIOLENCE WITH INJURY,Richmond upon Thames,86,63,70,76,62,74,41,42,79,48,65,83,81,56,53,66,59,65,52,49,72,52,76,102
VIOLENCE AGAINST THE PERSON,VIOLENCE WITHOUT INJURY,Richmond upon Thames,114,101,117,125,133,112,116,83,131,135,122,117,118,121,117,114,98,124,110,98,94,116,154,139
ARSON AND CRIMINAL DAMAGE,ARSON,Southwark,5,2,5,11,11,5,9,11,5,8,3,4,4,3,7,6,3,3,7,2,5,7,2,2
ARSON AND CRIMINAL DAMAGE,CRIMINAL DAMAGE,Southwark,147,124,175,217,156,194,180,140,162,156,138,150,147,180,158,143,130,160,171,149,174,163,158,182
BURGLARY,BURGLARY BUSINESS AND COMMUNITY,Southwark,82,67,78,101,63,73,77,67,105,84,102,84,92,76,65,70,64,69,54,46,71,48,57,67
BURGLARY,RES BURGLARY OF A HOME,Southwark,74,81,77,84,83,111,107,82,76,67,85,88,69,102,68,91,82,97,85,75,71,75,84,77
BURGLARY,RES BURGLARY OF UNCONNECTED BUILDING,Southwark,50,32,57,52,59,53,62,35,63,49,40,62,59,42,50,42,46,49,41,47,42,53,62,57
DRUG OFFENCES,POSSESSION OF DRUGS,Southwark,65,69,63,78,121,136,133,94,101,119,116,99,123,112,114,128,137,122,115,116,119,123,101,121
DRUG OFFENCES,TRAFFICKING OF DRUGS,Southwark,43,33,67,105,116,105,92,89,92,61,59,55,67,38,54,41,32,31,54,37,53,39,24,26
FRAUD AND FORGERY,FRAUD AND FORGERY,Southwark,1,1,0,1,0,0,0,0,0,1,0,0,0,0,0,0,0,0,0,0,0,0,0,1
MISCELLANEOUS CRIMES AGAINST SOCIETY,MISC CRIMES AGAINST SOCIETY,Southwark,20,22,24,28,28,26,29,25,28,39,35,27,42,28,25,32,41,27,34,41,38,37,32,36
POSSESSION OF WEAPONS,POSSESSION OF WEAPONS,Southwark,23,23,31,18,19,36,27,14,16,24,34,40,30,31,21,22,37,27,34,24,35,25,22,44
PUBLIC ORDER OFFENCES,OTHER OFFENCES PUBLIC ORDER,Southwark,20,17,22,28,35,19,17,22,26,34,28,27,31,25,20,31,27,25,23,20,33,21,30,45
PUBLIC ORDER OFFENCES,"PUBLIC FEAR, ALARM OR DISTRESS",Southwark,109,126,108,105,96,96,85,98,89,97,106,127,139,108,134,96,92,95,73,97,97,102,112,124
PUBLIC ORDER OFFENCES,RACE OR RELIGIOUS AGG PUBLIC FEAR,Southwark,42,46,26,40,28,34,30,35,45,31,35,37,50,43,35,38,49,38,30,33,45,42,45,46
PUBLIC ORDER OFFENCES,VIOLENT DISORDER,Southwark,0,0,0,0,0,0,0,0,0,0,0,0,1,0,0,0,0,0,0,0,0,0,0,1
ROBBERY,ROBBERY OF BUSINESS PROPERTY,Southwark,23,32,12,28,27,17,12,14,14,23,32,28,30,27,29,22,42,35,37,34,38,29,28,33
ROBBERY,ROBBERY OF PERSONAL PROPERTY,Southwark,118,169,145,182,138,137,145,125,156,141,147,146,121,117,116,104,157,140,128,147,145,152,140,154
SEXUAL OFFENCES,OTHER SEXUAL OFFENCES,Southwark,68,60,54,70,76,60,55,48,62,68,67,69,85,63,55,63,48,46,51,48,52,58,48,60
SEXUAL OFFENCES,RAPE,Southwark,33,31,36,21,35,29,44,36,34,33,43,42,61,40,30,45,32,35,41,33,37,27,34,37
THEFT,BICYCLE THEFT,Southwark,111,119,148,111,76,76,64,64,73,83,104,121,124,101,92,118,97,53,73,70,83,93,123,124
THEFT,OTHER THEFT,Southwark,408,430,417,453,427,471,385,355,381,375,471,438,491,475,441,511,456,460,397,356,382,450,460,401
THEFT,SHOPLIFTING,Southwark,265,395,531,595,563,379,293,219,269,239,229,197,216,247,250,236,212,215,254,255,290,305,313,337
THEFT,THEFT FROM THE PERSON,Southwark,625,694,595,668,586,416,448,523,664,630,677,667,517,511,586,589,596,637,541,547,608,598,568,689
VEHICLE OFFENCES,AGGRAVATED VEHICLE TAKING,Southwark,2,3,0,1,1,0,3,1,0,3,4,3,2,0,1,1,0,1,1,2,2,2,1,1
VEHICLE OFFENCES,INTERFERING WITH A MOTOR VEHICLE,Southwark,17,26,24,17,11,33,16,20,27,16,26,23,17,17,25,27,29,16,22,12,15,12,21,13
VEHICLE OFFENCES,THEFT FROM A VEHICLE,Southwark,118,142,156,115,89,147,117,133,117,114,106,108,114,108,78,101,105,97,87,73,86,119,132,120
VEHICLE OFFENCES,THEFT OR UNAUTH TAKING OF A MOTOR VEH,Southwark,97,83,56,101,95,75,79,71,80,73,100,88,90,101,79,81,71,55,63,86,97,91,69,72
VIOLENCE AGAINST THE PERSON,DEATH SERIOUS INJURY ILLEGAL DRIVING,Southwark,0,1,1,0,1,0,1,0,0,0,2,0,2,0,0,0,0,0,0,0,3,0,1,1
VIOLENCE AGAINST THE PERSON,HOMICIDE,Southwark,1,0,0,0,2,1,0,0,1,1,0,0,2,1,1,0,1,1,0,1,1,1,1,1
VIOLENCE AGAINST THE PERSON,STALKING AND HARASSMENT,Southwark,148,129,158,173,149,171,178,178,176,155,203,161,199,218,197,211,181,160,188,203,191,185,189,224
VIOLENCE AGAINST THE PERSON,VIOLENCE WITH INJURY,Southwark,262,206,206,208,189,222,220,193,241,193,204,231,238,233,205,200,204,194,183,199,201,216,248,230
VIOLENCE AGAINST THE PERSON,VIOLENCE WITHOUT INJURY,Southwark,306,294,303,319,321,334,320,291,338,311,358,420,390,385,313,417,359,355,342,285,367,323,399,449
ARSON AND CRIMINAL DAMAGE,ARSON,Sutton,19,29,5,4,5,2,1,5,2,6,1,3,2,4,0,8,2,1,0,2,1,3,0,2
ARSON AND CRIMINAL DAMAGE,CRIMINAL DAMAGE,Sutton,100,112,70,73,88,83,64,61,82,91,91,84,106,72,67,82,89,70,76,55,83,75,91,79
BURGLARY,BURGLARY BUSINESS AND COMMUNITY,Sutton,9,19,22,23,13,15,9,16,12,15,19,16,19,28,16,10,13,14,9,11,11,15,8,15
BURGLARY,RES BURGLARY OF A HOME,Sutton,34,48,39,42,38,42,62,31,41,44,50,52,43,42,39,38,38,41,39,35,35,36,29,36
BURGLARY,RES BURGLARY OF UNCONNECTED BUILDING,Sutton,15,6,14,28,12,10,12,14,14,15,11,11,20,13,18,9,16,13,11,11,12,10,13,13
DRUG OFFENCES,POSSESSION OF DRUGS,Sutton,27,22,24,34,37,30,40,44,51,38,33,29,34,33,39,40,55,42,31,35,35,38,44,26
DRUG OFFENCES,TRAFFICKING OF DRUGS,Sutton,18,16,19,35,32,20,23,8,19,15,22,24,26,27,26,18,15,15,20,10,16,16,6,9
FRAUD AND FORGERY,FRAUD AND FORGERY,Sutton,0,0,1,0,0,0,0,0,0,0,0,0,0,0,0,0,0,0,0,0,0,0,0,0
MISCELLANEOUS CRIMES AGAINST SOCIETY,MISC CRIMES AGAINST SOCIETY,Sutton,15,10,12,13,18,14,21,15,12,19,27,15,22,11,15,20,17,19,20,18,15,27,25,21
POSSESSION OF WEAPONS,POSSESSION OF WEAPONS,Sutton,8,3,11,8,7,6,8,8,7,10,6,10,7,9,9,9,14,10,6,8,10,9,4,7
PUBLIC ORDER OFFENCES,OTHER OFFENCES PUBLIC ORDER,Sutton,15,6,20,11,8,28,9,9,15,25,14,17,20,17,15,14,14,26,9,16,29,18,17,22
PUBLIC ORDER OFFENCES,"PUBLIC FEAR, ALARM OR DISTRESS",Sutton,67,50,46,69,41,46,39,53,53,39,49,49,72,51,52,55,43,45,52,49,63,46,53,57
PUBLIC ORDER OFFENCES,RACE OR RELIGIOUS AGG PUBLIC FEAR,Sutton,21,25,22,15,16,14,13,5,9,18,16,19,17,14,40,19,22,16,17,14,23,24,19,33
PUBLIC ORDER OFFENCES,VIOLENT DISORDER,Sutton,1,0,0,0,0,0,0,0,1,0,0,0,0,0,0,0,0,0,0,0,0,0,0,0
ROBBERY,ROBBERY OF BUSINESS PROPERTY,Sutton,12,6,5,7,4,11,3,3,9,8,11,15,15,11,14,7,11,10,6,12,12,5,9,16
ROBBERY,ROBBERY OF PERSONAL PROPERTY,Sutton,17,12,17,15,14,15,13,25,25,12,17,7,11,12,13,21,10,4,14,19,11,15,21,18
SEXUAL OFFENCES,OTHER SEXUAL OFFENCES,Sutton,23,18,17,35,20,27,28,24,19,18,28,20,32,18,30,22,17,19,45,32,28,25,26,39
SEXUAL OFFENCES,RAPE,Sutton,12,8,11,12,5,11,15,14,9,15,9,17,18,12,16,14,12,12,16,12,10,13,11,15
THEFT,BICYCLE THEFT,Sutton,7,8,10,12,9,4,5,10,9,14,16,5,8,7,7,7,5,7,5,6,7,6,12,6
THEFT,OTHER THEFT,Sutton,88,83,82,83,78,96,81,59,79,76,72,77,86,93,80,78,71,89,76,85,70,98,83,76
THEFT,SHOPLIFTING,Sutton,164,135,128,153,99,69,97,102,100,153,165,104,86,98,122,149,115,90,88,109,171,120,133,162
THEFT,THEFT FROM THE PERSON,Sutton,23,13,24,21,20,23,28,25,23,23,11,9,20,25,16,20,25,16,17,12,26,17,23,21
VEHICLE OFFENCES,AGGRAVATED VEHICLE TAKING,Sutton,1,2,0,1,1,0,1,0,0,0,1,1,0,0,0,1,0,0,0,1,0,0,2,2
VEHICLE OFFENCES,INTERFERING WITH A MOTOR VEHICLE,Sutton,11,22,21,25,34,16,20,11,19,11,14,18,19,6,12,23,17,18,22,19,25,25,18,11
VEHICLE OFFENCES,THEFT FROM A VEHICLE,Sutton,51,52,62,74,60,49,42,38,38,39,63,49,45,49,45,40,57,39,44,55,48,54,56,49
VEHICLE OFFENCES,THEFT OR UNAUTH TAKING OF A MOTOR VEH,Sutton,42,38,46,64,50,27,49,29,56,52,46,39,35,41,44,34,54,37,39,25,35,47,30,51
VIOLENCE AGAINST THE PERSON,DEATH SERIOUS INJURY ILLEGAL DRIVING,Sutton,0,0,0,0,1,0,0,0,0,0,0,0,0,0,0,0,1,0,0,0,0,0,0,0
VIOLENCE AGAINST THE PERSON,HOMICIDE,Sutton,0,0,0,0,0,1,0,0,0,0,0,0,0,0,0,0,0,0,0,0,0,0,0,0
VIOLENCE AGAINST THE PERSON,STALKING AND HARASSMENT,Sutton,114,81,82,80,84,89,99,100,112,103,111,110,118,104,96,124,132,88,90,90,111,101,119,116
VIOLENCE AGAINST THE PERSON,VIOLENCE WITH INJURY,Sutton,132,111,104,88,91,99,97,90,121,128,130,106,111,86,105,93,91,79,88,78,96,111,126,109
VIOLENCE AGAINST THE PERSON,VIOLENCE WITHOUT INJURY,Sutton,204,149,159,181,173,191,146,149,185,157,169,191,207,150,194,208,214,185,182,181,184,203,213,226
ARSON AND CRIMINAL DAMAGE,ARSON,Tower Hamlets,13,8,5,3,4,6,4,2,4,6,9,3,7,3,4,8,1,1,3,7,13,7,10,4
ARSON AND CRIMINAL DAMAGE,CRIMINAL DAMAGE,Tower Hamlets,195,179,178,164,179,173,143,131,187,181,179,157,186,175,176,155,160,166,135,154,155,188,188,176
BURGLARY,BURGLARY BUSINESS AND COMMUNITY,Tower Hamlets,92,77,84,112,96,83,102,55,68,79,45,60,64,67,120,110,115,83,86,75,63,60,85,72
BURGLARY,RES BURGLARY OF A HOME,Tower Hamlets,64,78,76,62,87,93,76,38,33,41,37,27,50,52,57,62,77,59,54,38,41,53,44,61
BURGLARY,RES BURGLARY OF UNCONNECTED BUILDING,Tower Hamlets,37,39,41,68,73,80,75,40,62,43,57,54,50,84,90,79,87,74,80,57,75,57,63,67
DRUG OFFENCES,POSSESSION OF DRUGS,Tower Hamlets,102,559,148,146,138,109,103,98,113,140,119,314,152,128,148,137,143,168,132,99,120,175,157,183
DRUG OFFENCES,TRAFFICKING OF DRUGS,Tower Hamlets,71,43,62,81,62,58,83,42,63,91,123,95,103,51,94,82,90,77,49,34,25,23,21,26
FRAUD AND FORGERY,FRAUD AND FORGERY,Tower Hamlets,0,0,3,0,0,1,0,0,0,0,0,2,0,0,0,0,0,0,2,0,0,0,0,1
MISCELLANEOUS CRIMES AGAINST SOCIETY,MISC CRIMES AGAINST SOCIETY,Tower Hamlets,33,36,34,46,45,37,43,39,38,33,38,45,59,35,42,45,31,35,32,44,40,38,50,45
NFIB FRAUD,NFIB,Tower Hamlets,0,0,0,0,0,0,0,0,0,0,1,0,0,0,0,0,0,0,0,0,0,0,0,0
POSSESSION OF WEAPONS,POSSESSION OF WEAPONS,Tower Hamlets,15,18,20,22,28,16,20,12,32,20,24,21,30,34,20,26,19,32,20,27,34,26,20,41
PUBLIC ORDER OFFENCES,OTHER OFFENCES PUBLIC ORDER,Tower Hamlets,44,32,28,35,29,31,30,21,38,33,29,41,34,40,23,32,41,32,25,36,45,30,46,53
PUBLIC ORDER OFFENCES,"PUBLIC FEAR, ALARM OR DISTRESS",Tower Hamlets,141,120,130,150,108,101,121,98,130,124,133,152,148,135,128,126,124,124,103,104,114,102,155,131
PUBLIC ORDER OFFENCES,RACE OR RELIGIOUS AGG PUBLIC FEAR,Tower Hamlets,67,75,50,41,34,36,34,31,58,39,41,47,70,72,64,70,50,47,33,42,60,50,48,58
PUBLIC ORDER OFFENCES,VIOLENT DISORDER,Tower Hamlets,1,0,0,0,0,0,0,0,0,0,1,0,0,1,1,0,0,0,0,0,0,0,1,1
ROBBERY,ROBBERY OF BUSINESS PROPERTY,Tower Hamlets,26,26,41,32,36,31,27,20,25,27,25,39,38,52,33,37,28,30,23,25,32,34,55,38
ROBBERY,ROBBERY OF PERSONAL PROPERTY,Tower Hamlets,82,96,102,97,81,78,66,81,91,75,65,82,80,85,71,75,87,76,75,61,86,72,87,83
SEXUAL OFFENCES,OTHER SEXUAL OFFENCES,Tower Hamlets,67,56,51,52,56,59,40,57,45,61,68,83,77,59,59,67,52,67,61,77,68,57,79,61
SEXUAL OFFENCES,RAPE,Tower Hamlets,34,29,37,40,45,34,38,34,36,39,47,39,42,33,27,51,37,34,41,33,33,39,41,38
THEFT,BICYCLE THEFT,Tower Hamlets,135,95,100,137,110,77,75,69,111,84,83,109,95,113,91,118,104,62,68,56,58,83,132,97
THEFT,OTHER THEFT,Tower Hamlets,361,358,291,341,351,345,308,292,361,365,357,306,356,370,359,385,339,361,297,294,294,318,347,341
THEFT,SHOPLIFTING,Tower Hamlets,239,216,183,222,238,211,262,172,194,210,302,344,318,326,271,248,218,261,261,232,278,318,387,408
THEFT,THEFT FROM THE PERSON,Tower Hamlets,314,384,288,274,258,227,178,212,261,252,252,244,255,214,196,202,282,266,182,196,229,294,328,223
VEHICLE OFFENCES,AGGRAVATED VEHICLE TAKING,Tower Hamlets,3,4,1,4,1,1,1,2,0,2,1,3,0,2,1,8,1,2,1,1,1,1,0,3
VEHICLE OFFENCES,INTERFERING WITH A MOTOR VEHICLE,Tower Hamlets,24,18,32,23,29,19,16,14,16,26,13,27,21,36,33,19,26,28,17,28,25,15,15,19
VEHICLE OFFENCES,THEFT FROM A VEHICLE,Tower Hamlets,161,157,144,164,165,141,119,79,87,121,109,90,113,108,116,107,104,114,123,145,146,131,117,122
VEHICLE OFFENCES,THEFT OR UNAUTH TAKING OF A MOTOR VEH,Tower Hamlets,95,99,119,83,114,71,77,69,63,62,69,81,99,76,85,87,82,55,77,87,76,102,87,72
VIOLENCE AGAINST THE PERSON,DEATH SERIOUS INJURY ILLEGAL DRIVING,Tower Hamlets,1,0,0,2,0,0,0,2,1,0,1,1,1,0,0,2,1,0,1,0,0,4,0,1
VIOLENCE AGAINST THE PERSON,HOMICIDE,Tower Hamlets,0,4,1,0,1,0,0,0,0,0,0,1,0,1,0,0,0,0,0,0,1,1,0,0
VIOLENCE AGAINST THE PERSON,STALKING AND HARASSMENT,Tower Hamlets,197,252,252,217,187,182,224,238,204,211,222,231,256,235,224,254,238,224,206,206,246,216,285,268
VIOLENCE AGAINST THE PERSON,VIOLENCE WITH INJURY,Tower Hamlets,250,207,183,201,213,181,184,168,246,233,244,242,245,221,211,213,209,239,180,181,242,221,223,244
VIOLENCE AGAINST THE PERSON,VIOLENCE WITHOUT INJURY,Tower Hamlets,445,396,401,393,392,386,366,361,452,402,441,419,487,443,401,441,421,390,393,406,433,373,483,533
SEXUAL OFFENCES,OTHER SEXUAL OFFENCES,Unknown,0,0,0,0,0,0,0,0,0,2,0,0,0,0,0,0,0,0,0,0,0,0,0,0
THEFT,OTHER THEFT,Unknown,0,0,0,0,0,0,0,0,0,0,0,0,0,0,2,0,0,0,0,0,0,0,0,0
VIOLENCE AGAINST THE PERSON,STALKING AND HARASSMENT,Unknown,0,0,0,0,0,0,0,0,0,0,1,1,0,0,1,0,0,0,0,0,0,0,0,0
VIOLENCE AGAINST THE PERSON,VIOLENCE WITHOUT INJURY,Unknown,1,0,0,0,0,0,0,0,0,0,0,0,1,0,0,3,0,0,0,0,0,0,0,0
ARSON AND CRIMINAL DAMAGE,ARSON,Waltham Forest,4,3,6,3,6,5,2,4,4,5,2,5,3,5,0,8,7,5,4,2,7,5,10,4
ARSON AND CRIMINAL DAMAGE,CRIMINAL DAMAGE,Waltham Forest,168,131,133,190,120,116,145,129,137,115,157,123,136,114,117,135,130,116,123,124,112,118,136,144
BURGLARY,BURGLARY BUSINESS AND COMMUNITY,Waltham Forest,75,68,64,51,39,44,31,41,31,43,43,31,32,32,56,30,35,38,76,49,37,38,40,36
BURGLARY,RES BURGLARY OF A HOME,Waltham Forest,69,79,45,54,47,44,65,57,64,41,47,35,34,55,45,44,75,51,35,68,58,47,38,46
BURGLARY,RES BURGLARY OF UNCONNECTED BUILDING,Waltham Forest,29,22,9,17,20,19,20,14,21,17,35,12,11,17,15,21,11,30,12,8,27,30,14,19
DRUG OFFENCES,POSSESSION OF DRUGS,Waltham Forest,61,58,77,83,54,50,80,107,86,81,71,99,77,78,104,84,90,99,86,77,89,110,111,93
DRUG OFFENCES,TRAFFICKING OF DRUGS,Waltham Forest,48,35,68,80,96,87,70,32,51,88,78,57,71,52,54,55,40,55,74,35,28,23,22,22
FRAUD AND FORGERY,FRAUD AND FORGERY,Waltham Forest,1,1,1,0,0,0,0,0,0,0,0,0,0,0,0,0,1,0,0,0,0,0,0,0
MISCELLANEOUS CRIMES AGAINST SOCIETY,MISC CRIMES AGAINST SOCIETY,Waltham Forest,25,24,18,27,35,20,30,19,33,21,26,18,22,19,32,16,27,28,27,22,27,27,26,29
POSSESSION OF WEAPONS,POSSESSION OF WEAPONS,Waltham Forest,20,12,11,23,16,13,9,16,16,21,14,11,13,6,13,14,20,19,14,9,17,20,21,22
PUBLIC ORDER OFFENCES,OTHER OFFENCES PUBLIC ORDER,Waltham Forest,21,9,15,15,8,12,10,12,19,16,22,14,27,9,12,22,17,16,27,11,28,19,17,29
PUBLIC ORDER OFFENCES,"PUBLIC FEAR, ALARM OR DISTRESS",Waltham Forest,76,79,83,89,97,47,59,49,85,86,92,84,99,62,72,62,60,81,60,70,67,60,70,78
PUBLIC ORDER OFFENCES,RACE OR RELIGIOUS AGG PUBLIC FEAR,Waltham Forest,39,40,35,26,20,19,20,18,29,31,26,36,35,24,34,29,22,23,23,32,21,29,34,39
PUBLIC ORDER OFFENCES,VIOLENT DISORDER,Waltham Forest,1,0,0,0,0,0,0,0,0,0,0,0,0,0,0,0,0,1,0,0,0,0,0,0
ROBBERY,ROBBERY OF BUSINESS PROPERTY,Waltham Forest,20,16,18,26,23,19,21,18,14,15,30,27,21,15,14,16,16,28,21,22,25,11,22,18
ROBBERY,ROBBERY OF PERSONAL PROPERTY,Waltham Forest,49,68,65,80,69,63,50,47,71,51,56,58,50,62,26,48,58,36,39,41,39,40,49,46
SEXUAL OFFENCES,OTHER SEXUAL OFFENCES,Waltham Forest,38,35,26,36,47,38,35,19,28,29,44,38,42,38,49,48,43,33,43,33,50,40,52,50
SEXUAL OFFENCES,RAPE,Waltham Forest,8,17,18,15,20,21,19,9,29,12,15,18,28,15,9,16,22,18,17,20,17,17,24,17
THEFT,BICYCLE THEFT,Waltham Forest,48,42,45,39,35,12,35,38,43,39,51,31,32,44,37,34,42,26,27,13,26,26,32,39
THEFT,OTHER THEFT,Waltham Forest,225,182,194,196,219,227,204,171,224,195,188,175,197,190,198,195,233,213,184,151,199,223,207,220
THEFT,SHOPLIFTING,Waltham Forest,186,136,114,174,171,188,215,173,237,205,236,197,214,195,186,197,151,145,195,185,162,153,195,188
THEFT,THEFT FROM THE PERSON,Waltham Forest,173,203,152,175,216,149,122,121,137,140,179,131,142,101,95,119,107,143,130,112,120,84,85,80
VEHICLE OFFENCES,AGGRAVATED VEHICLE TAKING,Waltham Forest,3,5,3,3,2,1,3,4,1,5,2,3,1,1,0,2,1,1,3,2,0,2,2,2
VEHICLE OFFENCES,INTERFERING WITH A MOTOR VEHICLE,Waltham Forest,35,45,70,90,44,48,30,26,32,22,30,13,27,20,33,18,29,12,13,14,17,36,14,27
VEHICLE OFFENCES,THEFT FROM A VEHICLE,Waltham Forest,148,148,153,191,193,145,122,132,101,127,111,111,117,104,119,78,124,100,96,100,101,99,89,101
VEHICLE OFFENCES,THEFT OR UNAUTH TAKING OF A MOTOR VEH,Waltham Forest,87,135,116,145,133,99,110,91,87,94,100,107,94,84,81,97,91,78,74,69,92,104,99,87
VIOLENCE AGAINST THE PERSON,DEATH SERIOUS INJURY ILLEGAL DRIVING,Waltham Forest,0,0,1,0,1,0,0,0,0,0,0,1,0,0,0,0,0,2,0,1,0,0,0,1
VIOLENCE AGAINST THE PERSON,HOMICIDE,Waltham Forest,1,0,0,0,0,0,0,0,0,0,0,0,1,0,0,0,0,1,0,1,0,1,0,0
VIOLENCE AGAINST THE PERSON,STALKING AND HARASSMENT,Waltham Forest,162,140,138,126,148,147,113,122,163,134,131,167,169,145,142,149,155,131,154,173,190,131,157,196
VIOLENCE AGAINST THE PERSON,VIOLENCE WITH INJURY,Waltham Forest,129,155,135,138,150,123,105,108,150,142,135,140,142,125,142,130,124,112,116,123,129,126,167,154
VIOLENCE AGAINST THE PERSON,VIOLENCE WITHOUT INJURY,Waltham Forest,287,256,227,243,250,252,224,233,241,272,252,266,248,212,244,261,264,258,261,235,272,268,288,304
ARSON AND CRIMINAL DAMAGE,ARSON,Wandsworth,4,5,4,6,3,5,7,5,9,7,10,3,5,7,3,3,3,3,6,2,2,7,6,5
ARSON AND CRIMINAL DAMAGE,CRIMINAL DAMAGE,Wandsworth,145,112,135,120,138,112,129,99,149,126,144,153,126,145,127,129,117,121,137,139,123,124,138,160
BURGLARY,BURGLARY BUSINESS AND COMMUNITY,Wandsworth,57,55,59,57,52,64,65,32,45,31,33,36,41,61,41,47,46,45,36,36,40,43,36,23
BURGLARY,RES BURGLARY OF A HOME,Wandsworth,56,68,50,58,63,48,48,37,39,41,34,68,50,74,43,48,45,50,43,48,52,68,56,68
BURGLARY,RES BURGLARY OF UNCONNECTED BUILDING,Wandsworth,49,53,32,38,44,41,35,34,38,36,39,44,56,49,54,34,47,49,51,35,45,36,40,28
DRUG OFFENCES,POSSESSION OF DRUGS,Wandsworth,41,52,57,59,62,71,70,49,59,66,54,67,61,70,78,75,57,65,58,59,56,63,69,56
DRUG OFFENCES,TRAFFICKING OF DRUGS,Wandsworth,25,31,28,30,36,57,52,41,24,40,64,55,68,72,106,83,30,31,39,38,37,26,37,37
FRAUD AND FORGERY,FRAUD AND FORGERY,Wandsworth,0,0,0,0,0,0,0,0,0,0,0,0,0,0,0,0,0,0,1,0,0,0,0,0
MISCELLANEOUS CRIMES AGAINST SOCIETY,MISC CRIMES AGAINST SOCIETY,Wandsworth,20,20,31,30,31,18,37,39,31,40,31,45,30,30,26,30,34,24,36,37,30,19,28,34
POSSESSION OF WEAPONS,POSSESSION OF WEAPONS,Wandsworth,8,14,13,11,17,11,14,15,14,15,13,21,24,26,14,12,12,19,14,22,22,15,25,26
PUBLIC ORDER OFFENCES,OTHER OFFENCES PUBLIC ORDER,Wandsworth,17,17,14,24,21,12,16,17,22,23,24,21,27,20,17,20,17,21,14,15,20,24,26,20
PUBLIC ORDER OFFENCES,"PUBLIC FEAR, ALARM OR DISTRESS",Wandsworth,105,106,82,96,96,66,87,70,79,97,103,121,121,105,94,95,90,89,71,72,91,79,99,101
PUBLIC ORDER OFFENCES,RACE OR RELIGIOUS AGG PUBLIC FEAR,Wandsworth,43,39,42,42,35,35,39,24,27,33,25,39,31,38,27,33,34,34,39,28,43,38,46,46
ROBBERY,ROBBERY OF BUSINESS PROPERTY,Wandsworth,24,22,23,26,25,23,26,12,21,23,24,28,17,28,29,23,18,15,23,19,23,30,27,28
ROBBERY,ROBBERY OF PERSONAL PROPERTY,Wandsworth,58,43,38,42,49,70,40,35,41,56,54,39,39,45,44,38,31,40,50,49,37,51,50,37
SEXUAL OFFENCES,OTHER SEXUAL OFFENCES,Wandsworth,53,50,38,42,47,35,64,44,58,42,48,75,51,48,47,44,37,49,54,39,49,45,51,53
SEXUAL OFFENCES,RAPE,Wandsworth,16,14,23,19,26,21,23,28,24,23,22,29,38,28,30,19,28,21,25,30,23,24,28,33
THEFT,BICYCLE THEFT,Wandsworth,73,59,60,48,37,28,25,26,47,57,65,75,63,57,59,63,64,45,46,47,67,84,63,67
THEFT,OTHER THEFT,Wandsworth,279,265,279,247,226,251,209,203,222,219,252,253,242,207,242,295,262,256,258,209,213,245,201,235
THEFT,SHOPLIFTING,Wandsworth,248,263,247,232,254,275,265,205,253,270,237,229,284,353,261,236,166,185,165,194,217,255,252,221
THEFT,THEFT FROM THE PERSON,Wandsworth,100,103,114,126,152,164,97,136,127,137,146,141,133,123,90,125,149,100,76,70,105,112,85,89
VEHICLE OFFENCES,AGGRAVATED VEHICLE TAKING,Wandsworth,1,3,1,0,0,1,0,0,0,3,1,1,1,2,1,1,1,2,2,0,3,1,1,0
VEHICLE OFFENCES,INTERFERING WITH A MOTOR VEHICLE,Wandsworth,30,35,29,15,16,23,36,27,29,21,32,25,34,33,30,26,25,32,30,20,22,17,22,17
VEHICLE OFFENCES,THEFT FROM A VEHICLE,Wandsworth,187,110,130,121,131,130,132,150,133,122,168,162,121,154,157,201,159,136,159,119,101,149,110,131
VEHICLE OFFENCES,THEFT OR UNAUTH TAKING OF A MOTOR VEH,Wandsworth,75,88,80,74,71,59,70,67,99,73,96,100,99,93,58,71,49,56,64,75,63,76,77,70
VIOLENCE AGAINST THE PERSON,DEATH SERIOUS INJURY ILLEGAL DRIVING,Wandsworth,0,1,0,0,1,0,2,1,0,0,1,1,0,0,0,2,0,2,0,1,0,1,1,0
VIOLENCE AGAINST THE PERSON,HOMICIDE,Wandsworth,0,0,0,1,0,0,1,0,0,0,0,0,0,1,0,1,0,0,0,0,1,0,1,1
VIOLENCE AGAINST THE PERSON,STALKING AND HARASSMENT,Wandsworth,124,140,128,121,108,121,102,134,123,120,126,169,173,142,156,169,142,156,150,145,157,128,180,168
VIOLENCE AGAINST THE PERSON,VIOLENCE WITH INJURY,Wandsworth,184,188,167,162,179,158,150,144,146,155,186,196,180,168,164,195,175,149,144,148,155,161,191,164
VIOLENCE AGAINST THE PERSON,VIOLENCE WITHOUT INJURY,Wandsworth,321,294,300,260,269,271,267,256,314,298,304,318,389,333,262,322,292,290,321,287,316,302,345,357
ARSON AND CRIMINAL DAMAGE,ARSON,Westminster,8,6,6,6,3,5,10,5,6,7,4,2,8,5,4,4,6,5,5,2,4,8,4,2
ARSON AND CRIMINAL DAMAGE,CRIMINAL DAMAGE,Westminster,202,205,193,218,187,218,173,188,206,233,188,205,195,227,205,201,196,182,175,164,191,165,172,192
BURGLARY,BURGLARY BUSINESS AND COMMUNITY,Westminster,208,155,101,133,155,180,149,109,133,149,168,147,123,104,118,149,139,132,123,108,126,101,88,110
BURGLARY,RES BURGLARY OF A HOME,Westminster,78,79,90,91,75,79,73,83,59,79,81,84,85,92,66,77,62,55,75,51,57,61,58,61
BURGLARY,RES BURGLARY OF UNCONNECTED BUILDING,Westminster,26,22,23,28,28,33,31,39,27,28,23,22,33,26,39,33,28,42,31,36,31,25,25,38
DRUG OFFENCES,POSSESSION OF DRUGS,Westminster,140,236,156,136,150,162,181,122,119,207,147,152,147,404,175,160,207,180,202,180,181,298,178,183
DRUG OFFENCES,TRAFFICKING OF DRUGS,Westminster,50,35,36,34,45,27,35,31,50,41,68,58,50,42,43,85,70,57,52,27,37,29,21,17
FRAUD AND FORGERY,FRAUD AND FORGERY,Westminster,1,0,0,0,0,0,1,1,1,0,0,1,0,0,0,0,0,0,1,0,0,0,0,0
MISCELLANEOUS CRIMES AGAINST SOCIETY,MISC CRIMES AGAINST SOCIETY,Westminster,17,31,39,33,26,42,39,38,45,45,51,46,48,44,26,31,38,39,48,43,38,40,43,53
POSSESSION OF WEAPONS,POSSESSION OF WEAPONS,Westminster,36,52,27,21,19,20,36,24,23,30,26,30,39,42,37,30,35,35,30,31,24,43,54,40
PUBLIC ORDER OFFENCES,OTHER OFFENCES PUBLIC ORDER,Westminster,43,39,36,28,35,38,33,31,26,23,28,35,43,43,33,43,36,39,42,40,42,46,48,48
PUBLIC ORDER OFFENCES,"PUBLIC FEAR, ALARM OR DISTRESS",Westminster,190,193,179,148,158,152,139,143,173,147,147,167,184,197,194,187,186,183,151,147,139,151,182,205
PUBLIC ORDER OFFENCES,RACE OR RELIGIOUS AGG PUBLIC FEAR,Westminster,92,102,108,102,106,60,58,62,73,94,96,110,90,79,99,92,78,71,89,61,77,87,120,99
PUBLIC ORDER OFFENCES,VIOLENT DISORDER,Westminster,1,3,0,0,1,1,0,1,0,0,0,0,0,1,7,0,0,1,11,2,0,0,0,1
ROBBERY,ROBBERY OF BUSINESS PROPERTY,Westminster,33,38,35,48,45,37,45,43,44,49,49,40,59,55,57,77,68,49,72,46,34,49,35,60
ROBBERY,ROBBERY OF PERSONAL PROPERTY,Westminster,281,265,280,304,322,330,266,261,197,226,221,241,257,256,224,219,214,240,176,139,144,164,155,142
SEXUAL OFFENCES,OTHER SEXUAL OFFENCES,Westminster,117,93,103,98,94,122,83,76,95,114,113,94,122,129,90,82,75,113,107,72,78,117,95,92
SEXUAL OFFENCES,RAPE,Westminster,26,45,31,42,40,26,40,25,24,41,40,57,41,42,36,33,24,36,26,46,37,21,33,35
THEFT,BICYCLE THEFT,Westminster,90,104,98,109,77,66,68,56,84,80,94,71,107,106,108,106,73,61,49,53,89,86,83,97
THEFT,OTHER THEFT,Westminster,1558,1315,1231,1811,1863,1871,1326,1327,1324,1389,1417,1486,1647,1515,1322,1438,1619,1710,1216,1104,1125,1168,1111,1187
THEFT,SHOPLIFTING,Westminster,609,567,534,592,571,591,557,571,630,684,707,696,668,652,675,728,724,762,690,700,726,795,889,855
THEFT,THEFT FROM THE PERSON,Westminster,2172,1823,1940,2892,3953,4260,2875,2689,2727,2076,1803,1905,1919,1511,1464,1658,2476,2512,1736,1419,1225,1178,947,1067
VEHICLE OFFENCES,AGGRAVATED VEHICLE TAKING,Westminster,1,1,0,1,2,1,1,1,1,2,0,0,1,0,1,0,0,1,2,1,0,2,3,0
VEHICLE OFFENCES,INTERFERING WITH A MOTOR VEHICLE,Westminster,13,20,20,19,14,20,20,20,20,30,23,20,22,28,27,17,15,16,19,12,7,9,14,15
VEHICLE OFFENCES,THEFT FROM A VEHICLE,Westminster,240,301,251,294,286,304,270,337,303,293,272,181,196,240,206,243,220,190,158,104,147,132,157,137
VEHICLE OFFENCES,THEFT OR UNAUTH TAKING OF A MOTOR VEH,Westminster,44,42,66,67,48,43,49,49,48,45,61,47,58,67,62,47,48,45,43,61,43,51,55,45
VIOLENCE AGAINST THE PERSON,DEATH SERIOUS INJURY ILLEGAL DRIVING,Westminster,1,1,1,2,0,0,0,0,1,0,0,0,1,1,0,0,2,0,0,0,1,0,4,3
VIOLENCE AGAINST THE PERSON,HOMICIDE,Westminster,0,1,0,1,0,1,0,0,0,0,0,0,0,0,0,0,0,1,0,0,2,1,2,0
VIOLENCE AGAINST THE PERSON,STALKING AND HARASSMENT,Westminster,144,193,180,168,161,155,169,166,179,156,202,171,201,189,187,244,160,172,170,175,191,170,186,204
VIOLENCE AGAINST THE PERSON,VIOLENCE WITH INJURY,Westminster,255,262,255,280,254,283,242,202,242,249,258,307,310,289,268,238,295,265,234,197,237,249,265,229
VIOLENCE AGAINST THE PERSON,VIOLENCE WITHOUT INJURY,Westminster,525,576,459,533,499,538,467,411,494,431,522,520,500,506,568,509,511,541,473,420,462,432,513,547
